User_Id,User_First_Name,User_Last_Name,Email,Password,Phone_Number,Subscription_Id,Restaurant_Id,Role_Id,Department_Id,Client_Id,User_Activated_Date,User_Inactivated_Date,User_Is_Active
1,Murry,Roscamps,mroscamps0@technorati.com,"kR3`dkAf""7~gwpX",5701795538,5,145,3,9,23,2021-12-25,,TRUE
2,Ricki,O'Boyle,roboyle1@cbslocal.com,"uR5'0SRns#q""S_2",1476244137,4,91,3,8,26,2019-03-09,,TRUE
3,Gery,Obin,gobin2@amazon.de,rD5`m8/TJy\*xR3,4648217247,6,23,1,9,9,2022-06-16,,TRUE
4,Padriac,Gilleon,pgilleon3@sfgate.com,kR9)&pe\,2522171091,6,17,1,8,7,2017-10-21,,TRUE
5,Vail,Mateev,vmateev4@oaic.gov.au,tK3=LWJyTl,4261507402,2,30,4,5,29,2019-12-13,,TRUE
6,Rudiger,Rue,rrue5@wisc.edu,jL2~6$oO*R9,1173499957,1,31,4,6,13,2019-05-23,,TRUE
7,Chuck,Watchorn,cwatchorn6@nasa.gov,uN0~+B%hMP,8919158521,3,98,2,6,20,2023-03-10,,TRUE
8,Mycah,Temblett,mtemblett7@goo.gl,lO1|/&uH!Vx~,9775100663,7,7,4,5,18,2021-03-25,,TRUE
9,Lorry,Kyme,lkyme8@gizmodo.com,mV5(&.~%#6R,1276497449,1,50,4,1,2,2023-11-16,,TRUE
10,Laurene,Cremen,lcremen9@shop-pro.jp,uK5(p<RV2/O/,4405204616,3,127,3,7,28,2017-08-27,,TRUE
11,Peter,Stonbridge,pstonbridgea@163.com,nE2+OsloL|A_KG,9288595488,5,116,3,1,4,2019-02-05,,TRUE
12,Emmery,Perchard,eperchardb@sina.com.cn,tK2${/Vkjkmw_m,1122111082,2,45,3,7,8,2019-12-26,,TRUE
13,Giavani,Dinsale,gdinsalec@google.pl,wB7>/X<CIvLFo,6476933247,6,96,4,4,13,2016-08-15,,TRUE
14,Sherm,MacMakin,smacmakind@yale.edu,qG2!#5%X,7645168186,2,87,1,2,6,2018-04-18,,TRUE
15,Myles,Safont,msafonte@japanpost.jp,qA7*oUKXrdRmHc`,9297016247,7,103,1,8,2,2018-01-18,2022-11-03,FALSE
16,Burg,Haysham,bhayshamf@dmoz.org,nB5=UYm6DCRNI,4138694236,6,44,1,4,10,2017-08-20,,TRUE
17,Filippa,O' Concannon,foconcannong@sohu.com,dP4|6gUlQM4!X,9736239894,7,92,2,6,26,2019-06-08,,TRUE
18,Jeremiah,Meehan,jmeehanh@live.com,gK6?8rrKF*&)ho,8081693899,1,122,3,8,16,2023-02-24,,TRUE
19,Merv,Craiker,mcraikeri@nationalgeographic.com,aT7`HrhT$9,1906677277,6,145,3,7,6,2018-02-22,,TRUE
20,Aleece,Padrick,apadrickj@si.edu,iT4_cJYNsZ,9257337607,3,1,1,5,1,2022-08-22,,TRUE
21,Winnifred,Sowerby,wsowerbyk@opensource.org,bV9~`U3w,9403534787,7,141,1,2,17,2018-09-11,,TRUE
22,Chico,Biner,cbinerl@tamu.edu,eL5~s1y@2E$51CaU,2684026487,6,114,3,5,10,2020-05-15,,TRUE
23,Lauretta,Bootton,lboottonm@wikimedia.org,"uL8,DI/8""",2507070893,3,69,2,9,4,2022-11-03,,TRUE
24,Elyssa,Hullock,ehullockn@bigcartel.com,mW5%1RzOqu6TM$,3414084567,6,135,3,5,1,2020-03-30,,TRUE
25,Bartolomeo,Bassill,bbassillo@harvard.edu,zY3|yMfv55z&<2,1368715129,3,135,3,7,20,2017-12-26,,TRUE
26,Joan,Hansel,jhanselp@umn.edu,nI2*c5imIfD(!}Y),7681519352,4,43,3,8,21,2017-04-22,,TRUE
27,Pier,Fellon,pfellonq@google.nl,gH7*B<<iE%',7054305172,3,70,3,3,2,2017-03-31,2019-12-13,FALSE
28,Susette,Hackworthy,shackworthyr@washingtonpost.com,bO0'z7ScM@W,5466713112,2,119,1,1,14,2022-05-03,,TRUE
29,Jacquenette,Farens,jfarenss@statcounter.com,cW1\u%S1p4VRmx,9648778539,3,32,4,1,29,2018-01-31,,TRUE
30,Carlos,Skpsey,cskpseyt@mysql.com,oQ6%Nvu.tMB.nL,5735836487,7,19,3,6,4,2023-04-09,,TRUE
31,Kasper,Barrie,kbarrieu@reuters.com,"uL5$sKP9Ol,{NQ",9424205766,5,68,2,9,3,2019-06-25,,TRUE
32,Logan,Michelle,lmichellev@unblog.fr,wA4@7uKf|,3011648194,6,98,4,8,7,2016-05-23,,TRUE
33,Ewen,Pencot,epencotw@oaic.gov.au,"bH2?Y%OH""d",2652836573,1,126,1,8,23,2022-09-02,,TRUE
34,Deirdre,Janos,djanosx@mit.edu,uM2>kz?08#LD{@Uy,4944150566,4,78,2,1,21,2017-08-24,,TRUE
35,Ange,Scouller,ascoullery@people.com.cn,hM5_~K`.Xxa4RP,4812373549,1,62,1,1,22,2017-09-09,,TRUE
36,Addie,Vanichkov,avanichkovz@china.com.cn,cO3'PW\xI,1435894010,3,109,2,9,10,2017-01-02,,TRUE
37,Delainey,Mott,dmott10@instagram.com,lF4}jXZv{A,8049221971,2,40,1,2,29,2016-12-19,,TRUE
38,Diane-marie,Frenchum,dfrenchum11@mail.ru,wU4!qGc5LK=>v,4959180344,4,29,1,4,2,2016-11-05,2019-06-25,FALSE
39,Ashbey,Tambling,atambling12@sourceforge.net,vW0'$r_E4\)~d=,6916652973,5,140,1,4,22,2019-03-16,,TRUE
40,Timmy,Cuming,tcuming13@cisco.com,"bN1""xFvL""!",5209434909,4,7,4,3,7,2022-04-30,,TRUE
41,Darrel,Roycraft,droycraft14@google.com.au,gP0'x|ri7sz~o(,2908478225,4,65,3,2,7,2017-06-01,,TRUE
42,Jacqueline,Satterthwaite,jsatterthwaite15@google.es,"tO6!i<pDq,T'r&z",6521391003,5,18,1,2,2,2018-10-17,,TRUE
43,Isabelita,Eakens,ieakens16@buzzfeed.com,gH5*d|s4x1,3271846630,2,75,4,4,11,2017-02-07,,TRUE
44,Nadeen,Tipping,ntipping17@soundcloud.com,wQ6{D?7p$,1076841492,6,124,2,3,20,2016-04-10,,TRUE
45,Nelia,Kornalik,nkornalik18@amazonaws.com,tW2)y590,2308697028,3,140,2,6,27,2022-11-16,,TRUE
46,Rubi,Klimecki,rklimecki19@mozilla.org,jT6%N?ZvCF!6!I,7859501766,7,113,1,7,19,2023-08-07,,TRUE
47,Merle,Stode,mstode1a@wired.com,tP6<Rh~FHO87V8,2104735905,6,4,4,8,4,2018-11-27,,TRUE
48,Leshia,Radnedge,lradnedge1b@google.ca,"aN8""ZjYg\AJt$1",6909930574,7,73,1,5,25,2016-09-19,,TRUE
49,Meriel,Abrami,mabrami1c@microsoft.com,eW9~jVhjh9j_B9z0,8232580592,6,19,2,6,17,2021-01-20,,TRUE
50,Noll,Dillimore,ndillimore1d@nbcnews.com,mH3%EPZb#81!=.!,3335675985,3,38,2,2,9,2020-04-05,,TRUE
51,Thaddeus,Carryer,tcarryer1e@feedburner.com,gI3`i7?FTT,3777561443,3,54,1,5,8,2023-03-18,,TRUE
52,Dixie,Earry,dearry1f@storify.com,eK6>4ijxC.j6Ys,6847071645,2,64,2,4,18,2019-06-21,,TRUE
53,Sheila,Titcombe,stitcombe1g@marketwatch.com,eO3&c~89lpCR~_,9723238540,3,150,2,6,16,2017-06-08,,TRUE
54,Lay,McTurley,lmcturley1h@globo.com,tQ5}4wtM,8135297955,6,144,3,2,15,2017-07-06,,TRUE
55,Vere,Frisel,vfrisel1i@privacy.gov.au,nN1*'*PTf,4159303025,6,49,4,9,26,2016-03-05,,TRUE
56,Allys,Attwoul,aattwoul1j@ameblo.jp,zB7/XazI1T,7312304485,4,115,3,3,6,2018-08-25,,TRUE
57,Oralie,Swiffen,oswiffen1k@webnode.com,"iT8'rRD,a$aI",9784027699,1,83,4,5,24,2022-06-24,,TRUE
58,Saw,Goodlatt,sgoodlatt1l@sohu.com,nZ5/Oo!x(|,5949684704,5,145,4,5,11,2023-07-20,,TRUE
59,Bartholemy,Lindmark,blindmark1m@vistaprint.com,bI9>HO#OJ$Z,6881903789,2,145,3,8,6,2019-02-11,,TRUE
60,Conrade,Pecey,cpecey1n@360.cn,fR8=bFc$zN0B$,9803176275,6,127,1,6,26,2021-11-24,,TRUE
61,Ulrich,Varne,uvarne1o@usda.gov,oX8#rQkj1gj|Oa,2976874671,4,43,3,7,9,2017-08-07,,TRUE
62,Tony,Lacoste,tlacoste1p@de.vu,vX0.pjs$,7414059730,2,101,2,9,3,2020-08-10,,TRUE
63,Goldy,Stripp,gstripp1q@vk.com,aF4@jyl3vG,7849205441,6,62,4,4,30,2023-03-28,,TRUE
64,Shane,Dunkerley,sdunkerley1r@amazon.co.uk,cI5!)8/eu#R1\/Ip,5388117027,7,122,3,1,18,2019-04-07,2023-03-18,FALSE
65,Ramonda,Shimman,rshimman1s@alexa.com,gF1@xcq>Hh7{,2106332583,6,26,4,6,7,2016-07-01,,TRUE
66,Ilka,Housen,ihousen1t@patch.com,bJ9~Nx*6@',3119495327,4,106,2,8,4,2019-01-17,,TRUE
67,Elvera,Shooter,eshooter1u@reference.com,tT8?=02`=GJ,2938051251,7,32,2,9,3,2022-06-04,,TRUE
68,Margie,O'Hartnett,mohartnett1v@sfgate.com,vJ7<<24omPT>1N,3401783668,3,8,4,8,26,2018-12-18,,TRUE
69,Estell,Jiran,ejiran1w@com.com,eP9~ED3FTLEQ2#,1791525003,6,21,2,7,29,2022-07-25,,TRUE
70,Beverley,Baughan,bbaughan1x@xinhuanet.com,dB2!EBw%}f<,5714493819,1,43,3,3,18,2023-06-18,,TRUE
71,Si,Huggen,shuggen1y@chicagotribune.com,jE9?UUET(vAWNwR.,7368223076,6,97,4,7,22,2023-09-22,,TRUE
72,Clifford,Bonnick,cbonnick1z@quantcast.com,"cZ2.cm!6>@Fr1F,O",6366706330,7,24,2,9,1,2019-02-07,,TRUE
73,Bambi,Barthrop,bbarthrop20@deliciousdays.com,fF8<0Cb(8,2028410971,5,52,3,1,18,2022-07-24,,TRUE
74,Eulalie,Yoselevitch,eyoselevitch21@umich.edu,nQ6{.<!D0eJ,7374364452,5,93,3,4,21,2018-07-10,,TRUE
75,Inga,Plank,iplank22@toplist.cz,"bM9{./m4"",L",2514603315,2,145,4,7,22,2023-09-18,,TRUE
76,Kissiah,Ramsden,kramsden23@homestead.com,gG0)){Ooz,3335204863,2,142,1,3,17,2018-06-03,,TRUE
77,Tanhya,Alesin,talesin24@usnews.com,oA8|tmQz@,3285183551,2,9,3,7,7,2020-10-29,,TRUE
78,Wilfred,Souch,wsouch25@youtu.be,eS8)oWYEVF0l04iy,1706891046,1,40,4,7,30,2020-02-21,,TRUE
79,Nerta,Amar,namar26@acquirethisname.com,"tQ1>jbYIDL#t,3",4107964407,1,95,4,3,30,2017-09-23,,TRUE
80,Carola,Wheaton,cwheaton27@aol.com,"kE1_b,HIewC)C",5047701946,1,26,1,4,10,2022-05-04,,TRUE
81,Nolan,Bonass,nbonass28@guardian.co.uk,gQ9{KHF/vI,6432189995,7,126,2,2,4,2018-09-18,,TRUE
82,Dody,Frudd,dfrudd29@sphinn.com,wR7<VG=afB9!a,6309232424,2,84,3,4,17,2019-12-15,,TRUE
83,Curran,Maidlow,cmaidlow2a@illinois.edu,kN8{MTw@L,8766321702,4,46,4,9,9,2020-03-04,,TRUE
84,Dillie,Arnould,darnould2b@nyu.edu,"tJ1_GZ""b<.",8471215556,3,71,3,6,2,2018-06-04,,TRUE
85,Kingsley,Karlsen,kkarlsen2c@opera.com,"yE4,owfT6",9757633605,5,55,2,1,29,2017-07-25,,TRUE
86,Nanine,Peirazzi,npeirazzi2d@chicagotribune.com,"oB6!\\?*5~W,GXc",4276307772,4,18,3,2,7,2020-08-25,,TRUE
87,Sonnie,Pavlenko,spavlenko2e@google.ru,cS2'6!bI,8876676301,6,76,2,9,7,2018-05-28,,TRUE
88,August,By,aby2f@huffingtonpost.com,xA0=\@{/,9916052154,6,101,3,3,26,2016-10-15,,TRUE
89,Killian,Ainge,kainge2g@mapquest.com,oZ1#kmV*og$0w,7955548795,6,141,1,7,12,2022-08-24,,TRUE
90,Janis,Martel,jmartel2h@indiatimes.com,qK6#jjlr6,9719464417,6,20,2,7,28,2019-12-31,,TRUE
91,Katy,Ferreri,kferreri2i@ft.com,rL4!oPd'ou,2737852549,6,134,3,1,4,2016-06-19,2020-10-29,FALSE
92,Orv,Sandall,osandall2j@barnesandnoble.com,lI7}na8PUBV2gAn,3876833322,7,97,2,9,30,2018-10-12,,TRUE
93,Duncan,Kimmince,dkimmince2k@hugedomains.com,"uE2,4eF0U",8055855319,7,65,2,5,12,2021-11-24,,TRUE
94,Thorsten,Furse,tfurse2l@nbcnews.com,jQ6/H'NfD,4714989016,6,66,3,7,27,2021-06-12,,TRUE
95,Eleonora,Hargrave,ehargrave2m@barnesandnoble.com,zV4(ixr1Ky,8925516037,3,139,1,7,14,2023-02-18,,TRUE
96,Zak,Gilchriest,zgilchriest2n@vistaprint.com,tD3?`QQsC`7@f5p,6857851569,3,11,4,6,19,2019-11-07,,TRUE
97,Putnem,Occleshaw,poccleshaw2o@typepad.com,wZ9%k3M3@%+bT6W,8018593601,4,28,3,1,17,2016-05-30,,TRUE
98,Lexine,McInility,lmcinility2p@bbc.co.uk,gS6{*fKHF3h,7603260624,6,11,4,7,3,2019-07-25,,TRUE
99,Sheila-kathryn,Gilbride,sgilbride2q@trellian.com,sO9|'T$+8#rjmK,7875736660,7,30,3,3,20,2023-12-12,,TRUE
100,Torrie,Claeskens,tclaeskens2r@privacy.gov.au,fX3|8|dCe,8482629595,7,16,3,3,3,2020-12-18,,TRUE
101,Brady,Ginner,bginner2s@cdbaby.com,vS1=Fv{cWLD9,6397047372,7,10,1,8,6,2022-11-16,,TRUE
102,Clerc,Eakens,ceakens2t@columbia.edu,xJ1|AwrOGjH,7955523696,4,92,3,8,12,2021-07-07,,TRUE
103,Isabel,Akester,iakester2u@bizjournals.com,"yW9'BN>T,",7218608647,2,143,1,7,23,2023-02-12,,TRUE
104,Brand,Proven,bproven2v@1688.com,uH8/#/4ZiGM4@r,1213878920,2,46,3,3,1,2018-01-04,,TRUE
105,Franklin,Bester,fbester2w@census.gov,aB3~%|Ph!<x(r,2356770890,6,95,2,1,5,2023-06-16,,TRUE
106,Dosi,Parysiak,dparysiak2x@forbes.com,"cN7&fw"">bm$vv0",2592554618,6,60,1,5,26,2019-03-13,,TRUE
107,Willie,Jovey,wjovey2y@phoca.cz,nS6*U\a\6DM1I_%|,3622932939,7,91,4,5,28,2021-01-19,,TRUE
108,Seymour,Denkel,sdenkel2z@jigsy.com,nH8{`68T,1576085587,5,122,3,5,7,2017-06-01,,TRUE
109,Burgess,Gilbard,bgilbard30@studiopress.com,sZ4+0pZgeR.>tN4,5098295048,3,75,1,1,10,2017-02-10,,TRUE
110,Fidela,Darben,fdarben31@google.com.hk,wM7\uVaG,8004229770,6,134,1,4,22,2021-05-29,,TRUE
111,Sammy,Binnie,sbinnie32@ovh.net,vO6!ouMz/sT,2666805540,3,123,2,6,15,2016-09-08,,TRUE
112,Kahlil,Winckles,kwinckles33@mashable.com,qN4<~*g|n3u>Qd9,6968091586,2,103,2,4,22,2018-05-11,,TRUE
113,Wyatt,Keam,wkeam34@scribd.com,vR5{VS4I>J9!,8466671471,6,6,2,3,24,2020-09-17,,TRUE
114,Johannah,Gwinnell,jgwinnell35@un.org,"cR9%XAQ,\>",7216316006,6,62,3,6,29,2018-04-12,,TRUE
115,Isabel,Warden,iwarden36@msu.edu,"pW4,qu*zQG>",9013974227,1,141,3,7,30,2018-10-30,,TRUE
116,Artair,Fernant,afernant37@wikipedia.org,xF9{u0'c&Xj(*ZPr,5546334209,4,110,3,9,8,2016-02-28,,TRUE
117,Rikki,Kalisz,rkalisz38@microsoft.com,wA2/pQAS4Yb<,6564687609,3,10,2,7,27,2018-05-11,,TRUE
118,Francine,Tilt,ftilt39@google.cn,aY5?V1ZRC#w#m,2943929223,2,103,1,7,15,2023-11-03,,TRUE
119,Kalindi,Tolwood,ktolwood3a@wisc.edu,zB3>PMQUact,2443149612,2,61,4,9,7,2017-06-26,,TRUE
120,Arin,Fraczkiewicz,afraczkiewicz3b@bluehost.com,"zA0,V3#(",2379332023,4,143,4,3,28,2016-08-19,,TRUE
121,Addie,Spyer,aspyer3c@digg.com,lQ5+\|LqP7,1397837297,5,7,4,2,27,2021-04-23,,TRUE
122,Laurianne,Leat,lleat3d@delicious.com,hX8@3<rd}<0AO!2,4103528530,5,51,1,3,17,2017-12-01,,TRUE
123,Lowrance,Matasov,lmatasov3e@chron.com,"sN4=Zw>4,}VjP)7Z",9027309033,5,51,4,3,12,2022-03-08,,TRUE
124,Corney,Ebbitt,cebbitt3f@myspace.com,"eV9,$eD\",8617214963,5,80,3,7,3,2022-08-27,,TRUE
125,Ariadne,Scarffe,ascarffe3g@xing.com,"gH5|NEmMgt"".R\!\",2004203677,6,49,4,4,23,2021-10-07,,TRUE
126,Ab,Coombes,acoombes3h@bizjournals.com,yF9)%xmk,8471973063,3,28,1,1,12,2016-03-23,,TRUE
127,Marchelle,Nunes Nabarro,mnunesnabarro3i@yandex.ru,pK2\\Rw9%kE'`+VK,8401836422,6,52,3,1,6,2022-12-16,,TRUE
128,Laverne,Mulvaney,lmulvaney3j@telegraph.co.uk,wW2(gkU_@?GHIz,8795334023,1,103,3,5,28,2018-12-13,,TRUE
129,Aretha,Brokenshire,abrokenshire3k@purevolume.com,qZ8$wttG?pNAA,3586535644,3,56,3,5,2,2022-08-25,,TRUE
130,Anatole,Southeran,asoutheran3l@princeton.edu,xK7?)&jN4nGYn>,1471681464,4,33,1,6,10,2022-02-21,,TRUE
131,Ali,Ivakhin,aivakhin3m@state.gov,"bB2>,p+z0Wv*G>h",2763141331,5,61,3,2,21,2019-04-02,,TRUE
132,Jessy,Garth,jgarth3n@bloglovin.com,aF6$@57>tq3,2747439009,2,41,3,1,21,2022-10-15,,TRUE
133,Dean,Hatwells,dhatwells3o@prweb.com,cQ7?=~Ji5.,3369417200,1,126,2,4,21,2017-05-29,2021-04-23,FALSE
134,Saudra,Leyre,sleyre3p@exblog.jp,"xN1,mzY!UFbje",3155032149,5,31,4,8,7,2018-09-03,,TRUE
135,Felic,Brockhurst,fbrockhurst3q@yolasite.com,vC8/f2OqF,4044765591,6,114,1,6,21,2018-11-30,,TRUE
136,Rickert,Rossant,rrossant3r@fc2.com,pR7)li@v=H,1716468797,5,30,2,2,29,2021-09-25,,TRUE
137,Dominic,Cozins,dcozins3s@toplist.cz,oL8`4#ti_Hi_v,2596102991,3,39,4,5,11,2018-10-17,,TRUE
138,Cinda,Ubanks,cubanks3t@dmoz.org,zV3(jGrD(JyIBt,1951648622,6,95,3,4,11,2021-03-29,,TRUE
139,Bev,Snap,bsnap3u@tripod.com,uY8{Qu.4,5616061897,2,74,4,3,13,2018-04-29,,TRUE
140,Ring,Waadenburg,rwaadenburg3v@linkedin.com,aI8{fQjXR\)bBhLN,2614660895,3,116,1,3,16,2022-09-15,,TRUE
141,Henderson,Schutte,hschutte3w@barnesandnoble.com,eV5#iM8{|OM~z.r3,5889353120,6,134,4,1,9,2021-01-10,,TRUE
142,Wendeline,Nairns,wnairns3x@bloglines.com,"cW2{8tU$i""",7759720819,1,29,4,1,14,2016-12-28,,TRUE
143,Wanids,Ravelus,wravelus3y@acquirethisname.com,dX1$2zq?,7807346534,5,125,1,3,30,2017-02-12,,TRUE
144,Sybille,Cosgrive,scosgrive3z@nydailynews.com,qM2(t~\7VNW,5378267713,2,100,2,7,16,2020-02-24,,TRUE
145,Nert,Haddrill,nhaddrill40@state.gov,pJ7$X~Z_gnY$v,8113132304,4,27,1,9,30,2018-11-03,,TRUE
146,Kennan,Yakunikov,kyakunikov41@t-online.de,fI8+t!PErOyT'L,7098518931,6,109,4,2,12,2022-09-01,,TRUE
147,Park,Hayen,phayen42@bluehost.com,lD2$b?PXH}i5r,4218684020,1,122,1,1,19,2020-09-01,,TRUE
148,Mora,Frowing,mfrowing43@pinterest.com,yB6~tW`Q#03Ah/,5616509390,1,8,2,9,3,2020-11-18,,TRUE
149,Shayne,Brattell,sbrattell44@altervista.org,cI0~#e1wd!T$v,6473798403,6,2,3,4,8,2016-06-11,,TRUE
150,Dennet,Marshland,dmarshland45@apache.org,mI6)\upCC9$/3a,2742754133,2,124,2,5,2,2016-07-07,,TRUE
151,Ferne,Brazer,fbrazer46@washington.edu,sQ7%dGB8U#Lr4lh,1251365714,3,93,1,1,6,2021-12-30,,TRUE
152,Aimee,Heinzler,aheinzler47@privacy.gov.au,qB3#d0+m/}g,7581503440,4,79,2,9,24,2019-11-30,,TRUE
153,Ernst,Derwin,ederwin48@wufoo.com,"yV0,4`BD!X#/8bo",9753718825,4,76,4,3,9,2019-12-27,,TRUE
154,Ofilia,Reinhart,oreinhart49@umich.edu,lS6}NKg\UBhmSv,3893267059,4,24,4,2,27,2018-09-15,,TRUE
155,Vincent,Yurin,vyurin4a@washington.edu,"nU7)\iUPE&\,\Ho",6748496754,4,64,3,3,2,2018-05-21,,TRUE
156,Blane,Galego,bgalego4b@dmoz.org,cF0!nr3{QAMknXR=,6841586243,4,101,4,7,25,2023-06-08,,TRUE
157,Sunny,Timbs,stimbs4c@jimdo.com,bJ0+nU)@M`l>ix%@,9136165864,7,127,4,2,29,2021-05-12,,TRUE
158,Konstanze,Jahnel,kjahnel4d@ed.gov,pZ3\j!oUX52i,8457448115,2,81,2,2,21,2018-08-16,,TRUE
159,Waiter,Ankrett,wankrett4e@bandcamp.com,rY1}Uvjp{/P,2965656351,3,40,1,1,25,2018-04-10,,TRUE
160,Gerianne,Cutforth,gcutforth4f@skype.com,oN6~q1lw=u1i,5153901011,6,9,1,1,21,2021-11-23,,TRUE
161,Katharina,Zorzetti,kzorzetti4g@sina.com.cn,tI7.0mb{L'RVD,9654800618,2,9,1,3,5,2019-05-28,,TRUE
162,Letta,Conry,lconry4h@livejournal.com,"vY7!""6D9P",5767711213,7,73,1,4,1,2023-12-04,,TRUE
163,Gweneth,Riding,griding4i@pagesperso-orange.fr,lF3/Xh>amu?z_,4536548826,2,47,3,1,2,2019-08-25,,TRUE
164,Ines,MacIlurick,imacilurick4j@wiley.com,"qC9,ew$%/QdlW1~",1304941006,1,78,2,2,7,2020-09-28,,TRUE
165,Emile,Rake,erake4k@wordpress.org,"jJ1""H<Dnw#KP@c",5814696462,7,76,3,8,23,2021-04-02,,TRUE
166,Elinor,Hargey,ehargey4l@wiley.com,"lK1@82Cu2=7,Lu(z",9867165597,1,33,2,7,10,2017-11-21,,TRUE
167,Fleurette,Klemmt,fklemmt4m@ow.ly,wV0!=<vr/,1876039264,3,4,3,9,9,2017-11-26,,TRUE
168,Brigitta,De Meyer,bdemeyer4n@skyrock.com,mU5)P<h2Ya,5858161367,2,33,4,4,27,2017-02-04,,TRUE
169,Estel,Storek,estorek4o@bloglovin.com,gP2(.p0nSK0R5D/,6737194993,7,49,2,1,29,2020-04-17,,TRUE
170,Carr,Shoveller,cshoveller4p@seesaa.net,kM4.u&(&*c$=,2819613597,7,79,3,4,22,2017-05-01,,TRUE
171,Donia,Guillou,dguillou4q@reference.com,"iR7=K?""G|vJ3",5549032356,5,92,2,3,12,2020-01-14,,TRUE
172,Bronnie,Kobu,bkobu4r@businesswire.com,dM0!IWz(_O,7549053319,6,23,2,1,10,2019-09-14,,TRUE
173,Malory,Beteriss,mbeteriss4s@so-net.ne.jp,sL6_i=o26},8389778666,5,62,4,9,5,2023-02-24,,TRUE
174,Nydia,Vogelein,nvogelein4t@angelfire.com,jI8?39Gm/`c,6025547137,5,23,2,3,9,2017-02-17,,TRUE
175,Tatum,Barlas,tbarlas4u@gravatar.com,uU2>YEfj=mLn,2539928046,1,130,2,3,5,2016-04-20,,TRUE
176,Druci,Malthouse,dmalthouse4v@fc2.com,"eA8}OsXdmJijj8""",3996668601,3,144,4,1,9,2020-06-29,,TRUE
177,Jazmin,Dunnett,jdunnett4w@opensource.org,gA8=~@c@23w,9524183198,5,93,1,6,15,2019-08-20,,TRUE
178,Karlens,McNiven,kmcniven4x@constantcontact.com,dF3`M9bRDX,1612277364,6,143,2,7,6,2019-09-06,,TRUE
179,Ruby,Batisse,rbatisse4y@angelfire.com,"aR2'gcV""",3209474806,2,107,4,5,1,2018-11-23,,TRUE
180,Jojo,Burel,jburel4z@abc.net.au,rK9.#5V{5Wz{Q,3496223512,5,107,1,3,28,2022-09-10,,TRUE
181,Perrine,Baruch,pbaruch50@qq.com,aC5)w`G%`M,6602587609,1,99,4,8,26,2016-12-07,,TRUE
182,Luciano,Boulde,lboulde51@elegantthemes.com,"kH1|D=W.""{oU",4563064558,2,41,1,5,6,2021-01-08,,TRUE
183,Layne,Torry,ltorry52@networksolutions.com,eV6)Y)fhhl%T>'~E,5758137689,2,68,1,8,1,2018-01-23,,TRUE
184,Parke,Woodsford,pwoodsford53@state.gov,kO5~}*fzv/}7%6<,9392498300,3,107,2,6,7,2018-02-10,,TRUE
185,Bren,Malham,bmalham54@ebay.com,"yX1<@8%?C78,ZJh",8602606047,1,127,4,2,13,2017-05-12,2023-12-04,FALSE
186,Berton,de Glanville,bdeglanville55@jigsy.com,sP9(6/kjV,8366623542,5,118,1,9,8,2023-07-31,,TRUE
187,Stephana,Brinicombe,sbrinicombe56@washingtonpost.com,sF5)#125KMz4B,4033774084,3,58,4,1,10,2021-05-10,,TRUE
188,Davina,Schoular,dschoular57@gnu.org,rN6&yO9~ptWX!,6898388291,4,38,1,7,30,2019-03-29,,TRUE
189,Joelynn,Tonkin,jtonkin58@quantcast.com,"lT0,9G$c",6028992792,6,39,3,3,12,2016-03-23,,TRUE
190,Grete,Deny,gdeny59@foxnews.com,vV2@'NE/,4951909958,2,97,4,2,19,2023-04-22,,TRUE
191,Chaddy,Brechin,cbrechin5a@symantec.com,uB5*s#p`&%,7058036360,2,67,4,7,28,2016-05-19,,TRUE
192,Franny,Klimus,fklimus5b@over-blog.com,uR4!<p!\,8255541638,2,86,3,2,10,2019-05-20,,TRUE
193,Eimile,Wareing,ewareing5c@ox.ac.uk,kY5}OU!o0+9C|,8696107778,5,27,1,4,5,2021-12-08,,TRUE
194,Neddy,Osselton,nosselton5d@ovh.net,iX1\R=r\h'uBkWz,7746495320,5,80,4,2,16,2021-01-17,,TRUE
195,Sigfrid,Bligh,sbligh5e@facebook.com,aY5'NP9`)bqkho~v,4259252650,6,120,3,3,6,2022-08-13,,TRUE
196,Oralla,Crucetti,ocrucetti5f@sbwire.com,tU9/AUSA~Egrf,1487093678,4,36,1,4,3,2016-12-09,,TRUE
197,Darrin,Druett,ddruett5g@github.com,pW8%}znT,2503789864,2,55,2,7,19,2021-08-07,,TRUE
198,Caril,Peert,cpeert5h@tinyurl.com,bB8!S1=h21I,2538499147,6,129,1,3,20,2021-03-24,,TRUE
199,Noell,Di Ruggiero,ndiruggiero5i@berkeley.edu,"wV1@,FC~=Xyh#qw",5185351797,2,145,2,7,20,2023-08-28,,TRUE
200,Bebe,Froggatt,bfroggatt5j@photobucket.com,"mS4'z""M+Tq~<3gN*",1126495231,5,71,3,3,4,2023-09-08,,TRUE
201,Jennifer,Heild,jheild5k@usa.gov,mW2}Q?<rB,2113136878,6,130,4,2,17,2023-06-08,,TRUE
202,Emilee,Petrashov,epetrashov5l@constantcontact.com,"gT1""LaHXr%+.g8.",2352462315,5,33,4,1,22,2020-02-04,,TRUE
203,Ashlan,Reimers,areimers5m@thetimes.co.uk,xJ0*Fyt\,6325902133,7,96,4,9,18,2022-12-05,,TRUE
204,Kerrill,Martinson,kmartinson5n@surveymonkey.com,vP6(xc~1I,9159472850,3,78,3,6,15,2019-04-05,,TRUE
205,Jerome,Peter,jpeter5o@qq.com,jD8<OP5),8165678356,5,87,3,4,15,2019-06-06,,TRUE
206,Oralie,Poulglais,opoulglais5p@odnoklassniki.ru,kJ1>>&@LL,6085559173,1,2,4,1,17,2020-04-08,,TRUE
207,Jacynth,Meran,jmeran5q@prweb.com,"dR0,S*N'I\Mi%8B",4059051846,4,15,4,2,21,2019-03-11,,TRUE
208,Thurston,Copes,tcopes5r@yellowpages.com,"jO8""mhWh)cfc<Q5t",3534563943,5,26,3,2,14,2018-02-07,,TRUE
209,Davis,Hilldrop,dhilldrop5s@elegantthemes.com,jR8`H91VRE,4447479074,6,76,2,7,26,2019-06-02,,TRUE
210,Nicolais,Rosendall,nrosendall5t@spiegel.de,dN3@Y}tI,2166569807,6,140,4,6,13,2022-12-25,,TRUE
211,Oralia,Toye,otoye5u@geocities.com,iU3<ehBBA~aD'(2,8246251711,2,93,4,9,7,2016-04-15,,TRUE
212,Peter,Isbell,pisbell5v@illinois.edu,"dB5,0aEC",3131886350,2,27,2,1,6,2022-12-25,,TRUE
213,Kelcie,Palumbo,kpalumbo5w@biblegateway.com,aT1\6ars+qx,2908737320,2,48,4,6,7,2022-08-01,,TRUE
214,Gallard,O'Finan,gofinan5x@ehow.com,"hI8""!.nne",1912668412,4,65,4,6,26,2016-09-28,,TRUE
215,Sheena,Kerwood,skerwood5y@wikimedia.org,rM2_lA.U$|Z,4586868520,1,121,3,8,26,2022-09-08,,TRUE
216,Joscelin,Burley,jburley5z@yale.edu,"jU0(""#{h'",8868349067,1,64,2,2,13,2021-07-19,,TRUE
217,Eadmund,Acton,eacton60@tumblr.com,rR1=)q8t,4536632020,7,58,3,3,17,2023-07-10,,TRUE
218,Thurston,Waddilove,twaddilove61@independent.co.uk,"cM3""fF\&",5666026336,7,126,2,2,28,2019-12-12,,TRUE
219,Rubia,Loghan,rloghan62@ustream.tv,dY1&J~&FCa5Pb/1p,2221916195,1,11,1,3,2,2018-03-14,,TRUE
220,Doralynn,Cadle,dcadle63@patch.com,"qH1<y~9v|""}A",9478617608,7,109,3,8,7,2018-10-23,,TRUE
221,Ardith,Scholte,ascholte64@google.com.hk,eP0/T|Bd,4935848297,3,94,3,9,6,2018-09-13,,TRUE
222,Kalina,Mauvin,kmauvin65@whitehouse.gov,nU9@`0Xul!WV,8883045912,2,65,1,1,5,2016-08-27,,TRUE
223,Thornton,Maciaszczyk,tmaciaszczyk66@addthis.com,dW9~\}103ni{,5245695996,4,29,2,7,26,2021-05-06,,TRUE
224,Skylar,Faherty,sfaherty67@theguardian.com,"pZ3,d'~p",9377261330,6,112,3,1,15,2019-04-04,,TRUE
225,Sullivan,Kolis,skolis68@alibaba.com,"yU7'TDG+dg@,g",8173941040,2,125,2,1,8,2020-04-26,,TRUE
226,Ralina,Orviss,rorviss69@uiuc.edu,cQ8'@/G_x_/(++A,3871941703,1,97,4,4,4,2022-04-08,,TRUE
227,Gordy,Hair,ghair6a@geocities.com,cN0#?#bm,9968492972,1,18,3,9,13,2016-07-31,,TRUE
228,Iolande,Foat,ifoat6b@cbc.ca,"wS4}c)1L\sRB""",4374034853,4,44,1,5,21,2019-11-02,,TRUE
229,Biron,Myring,bmyring6c@noaa.gov,lX1@.Pb(A3`i~T9,9015372282,2,58,4,2,16,2016-04-05,,TRUE
230,Martha,Kitteridge,mkitteridge6d@china.com.cn,"wU0'*{T1,",4183240630,7,86,3,5,21,2020-06-19,,TRUE
231,Pollyanna,Aronin,paronin6e@google.pl,lH9`H('<E>C%l,8373303637,5,7,4,3,27,2022-04-02,,TRUE
232,Laney,Assur,lassur6f@51.la,oT7|6x@FD,3371614969,5,86,1,8,6,2022-09-29,,TRUE
233,Annamaria,Pruckner,apruckner6g@unesco.org,cW0?ara/G,5312065950,7,5,4,3,24,2018-05-13,,TRUE
234,Ammamaria,Durrant,adurrant6h@tamu.edu,oG1)w/8B+6f=Imy,1025670878,4,126,1,6,9,2023-07-25,,TRUE
235,Tomlin,Musterd,tmusterd6i@phoca.cz,fM1<Hbsr,8648560088,6,26,1,5,6,2023-10-08,,TRUE
236,Pauline,Prenty,pprenty6j@icq.com,iT6_r%ZpsL,9939833514,5,138,1,9,23,2017-02-11,,TRUE
237,Valera,Angelo,vangelo6k@census.gov,cH7>qoYz/VQ,8754347066,1,13,1,8,23,2023-09-28,,TRUE
238,Shannon,Maxted,smaxted6l@abc.net.au,lK4\Z>QIPLpJ,4878879917,3,46,2,6,6,2021-01-20,,TRUE
239,Melli,Battrick,mbattrick6m@hhs.gov,mV9)3SZ0'mXQo,3798301677,1,81,2,9,24,2019-04-29,2022-12-25,FALSE
240,Angela,Swallwell,aswallwell6n@ezinearticles.com,"uE8#w({O%,",8802413188,1,107,2,6,26,2023-10-13,,TRUE
241,Emilia,Bowker,ebowker6o@ameblo.jp,"cY6""`_\k=B",4858414928,4,57,1,8,2,2021-01-14,,TRUE
242,Peggi,Lambertini,plambertini6p@nature.com,fM3&pe+9wB4@,1471993380,1,126,1,3,20,2020-08-27,,TRUE
243,Reinald,Orrom,rorrom6q@alexa.com,fO0@VH%4`Ml`|CA,5056016507,1,74,1,3,11,2019-02-17,,TRUE
244,Boyce,Bonde,bbonde6r@bbc.co.uk,hW4|\E|rs!3,6965090881,7,40,3,6,25,2016-07-14,,TRUE
245,Marjorie,Brooksbie,mbrooksbie6s@booking.com,sP1<=lZVY,2646804203,7,3,1,8,26,2018-08-21,,TRUE
246,Wood,Fante,wfante6t@miibeian.gov.cn,kR0=uX4s8/XR~2b,3139226066,4,109,2,9,12,2021-05-02,,TRUE
247,Caesar,Sweynson,csweynson6u@mozilla.org,"jX1`U$xsjZCS,",6225994004,1,121,1,6,17,2019-10-15,,TRUE
248,Violette,Bindley,vbindley6v@gizmodo.com,cG5~sdlHfX_L*IF,9589288226,1,91,3,5,29,2021-08-03,,TRUE
249,Reuben,Treven,rtreven6w@slate.com,fN3}$s~|q%eS,2953211146,1,14,4,2,25,2018-02-07,,TRUE
250,Frazer,Janusik,fjanusik6x@myspace.com,hH7(~lBRZldo_~T.,8209677535,1,147,4,7,19,2018-11-15,,TRUE
251,Berget,Blakiston,bblakiston6y@mit.edu,yT4!LX~_$w,9267213293,6,150,2,1,12,2020-09-10,,TRUE
252,Reube,Cable,rcable6z@biglobe.ne.jp,wM2?!Os$?N/e#7',5439932081,7,3,2,8,21,2023-06-20,,TRUE
253,Nil,Gunney,ngunney70@gravatar.com,uC7>=h~)c2kdsta,2358184537,1,127,2,6,2,2017-05-21,,TRUE
254,Thibaut,Domnin,tdomnin71@mac.com,nQ7%i62xYdUM,5635644212,7,139,1,2,21,2016-12-09,,TRUE
255,Becky,Rudkin,brudkin72@taobao.com,kG1'3'{3#2dWor,4143528197,6,2,2,7,2,2020-04-04,,TRUE
256,Stephanie,Swithenby,sswithenby73@nytimes.com,pC3>k.SU*Xv,9408232084,3,64,2,6,12,2018-11-11,,TRUE
257,Alan,Huerta,ahuerta74@taobao.com,qV1.0i$rOv!y,9258328363,3,23,3,6,27,2023-01-08,,TRUE
258,Terrell,Keppel,tkeppel75@bigcartel.com,"hQ5""""GEPNq*=GS~Z",8663316303,2,38,1,1,19,2017-05-15,,TRUE
259,Isac,Corselles,icorselles76@google.com.au,cN4@BMC+d42QdppI,7349710124,6,139,1,6,14,2021-04-17,,TRUE
260,Cate,Roelofs,croelofs77@psu.edu,"aO9""RH'TuoNV""",7506251240,6,36,1,3,2,2017-01-10,,TRUE
261,Linoel,Mingauld,lmingauld78@over-blog.com,lY6\gHj)=45=as,5997416902,3,146,4,5,22,2016-05-30,2017-01-10,FALSE
262,Stafford,Ockleshaw,sockleshaw79@comsenz.com,"hJ5.AJz<*,j",2493154643,2,8,2,1,16,2022-03-07,,TRUE
263,Humfried,O'Skehan,hoskehan7a@prweb.com,xS2)A&+_,5117263579,6,145,4,1,6,2016-12-26,,TRUE
264,Siana,Senner,ssenner7b@blogtalkradio.com,tJ9!8s\x'r%,6616707933,6,75,2,8,4,2022-09-08,,TRUE
265,Phillipp,Delgado,pdelgado7c@oakley.com,vJ3*iL9Fmve@j%,4381780748,5,69,1,5,22,2019-06-13,,TRUE
266,Berthe,O' Dornan,bodornan7d@vistaprint.com,"cV1,wi4}",8701994239,5,24,3,6,14,2018-09-27,,TRUE
267,Shirlene,Griffith,sgriffith7e@ed.gov,"dC4?|w,<",1527672336,7,34,1,4,15,2016-07-13,2020-11-24,FALSE
268,Garrett,Mowett,gmowett7f@purevolume.com,wK3`XxNlqez(cG9,1937501596,5,126,2,2,29,2018-10-22,,TRUE
269,Dido,Passie,dpassie7g@weibo.com,lH1(mH9f=TQd,7687159588,7,74,2,6,30,2018-06-05,,TRUE
270,Susana,Goddman,sgoddman7h@reference.com,"rD9$BH2YxL9T,Uyr",7709783719,3,7,4,3,8,2016-09-03,,TRUE
271,Templeton,Mitie,tmitie7i@census.gov,zI4}mVsz,5989412353,7,40,3,7,15,2018-11-15,,TRUE
272,Angil,Gabites,agabites7j@salon.com,sB5<3DR7rCvo,3326335132,4,46,3,5,29,2020-03-20,,TRUE
273,Waldo,Pietri,wpietri7k@dailymail.co.uk,kG5?CC7@1mtFFP,4299507908,4,53,2,1,5,2022-07-08,,TRUE
274,Mitzi,Shimmin,mshimmin7l@rediff.com,"yT2`cK4SDB""sth5",4381681845,3,129,2,4,2,2020-11-24,,TRUE
275,Estevan,Feather,efeather7m@techcrunch.com,dY1?\N!e,7645756839,6,45,2,7,27,2019-09-03,,TRUE
276,Katharine,Yegorkov,kyegorkov7n@pinterest.com,sT3*dy+Mq,9356937294,5,20,2,6,20,2020-11-13,,TRUE
277,Brooks,Akram,bakram7o@creativecommons.org,pM9|{&~~ebfBTa,8552238966,3,21,1,1,28,2016-01-30,,TRUE
278,Shelagh,Flasby,sflasby7p@ftc.gov,kD8+k6Vb,1412497771,6,85,1,7,2,2023-12-01,,TRUE
279,Herta,McGiveen,hmcgiveen7q@ebay.co.uk,"kZ9""'e$!d~8,*q.V",5408433828,6,18,3,2,20,2022-03-08,,TRUE
280,Deloria,FitzGilbert,dfitzgilbert7r@moonfruit.com,lR0>Auc/*z,8754146237,4,17,2,1,24,2019-04-14,,TRUE
281,Betsy,Oakeby,boakeby7s@howstuffworks.com,hG8>&nX4?kts|4?f,4233493340,5,110,3,7,6,2021-02-23,,TRUE
282,Katheryn,Rittmeyer,krittmeyer7t@ameblo.jp,jW0@&jq20Y|#2,7131561606,2,114,4,2,28,2023-06-17,,TRUE
283,Prince,Mercer,pmercer7u@buzzfeed.com,"zU4#0""8'{@mA",4208150759,4,138,1,7,22,2023-04-28,,TRUE
284,Marlena,Lydster,mlydster7v@hatena.ne.jp,mE3|g?.D2H).,5585101634,2,44,1,7,19,2019-08-17,,TRUE
285,Willey,Dundon,wdundon7w@blog.com,wF8'*7osP>,7981838208,3,9,4,7,28,2023-01-26,,TRUE
286,Orella,Lamplugh,olamplugh7x@etsy.com,kX6_lzEPo!F|,4042109452,1,150,1,2,26,2023-11-18,,TRUE
287,Hilary,Odby,hodby7y@sciencedaily.com,hY3}Q<?L,7481876540,5,149,4,5,1,2023-11-11,,TRUE
288,Sacha,Feldhorn,sfeldhorn7z@walmart.com,gT6<'r8K_7b0p{=,4693033618,6,63,2,3,16,2019-02-25,,TRUE
289,Kristoforo,Roelvink,kroelvink80@nytimes.com,bA2!HcoAl*5t,9765431083,4,24,4,6,19,2023-12-09,,TRUE
290,Bryant,Middlemass,bmiddlemass81@reddit.com,"cP4|5o_C>`bA""",5739497752,4,35,3,1,19,2021-01-25,,TRUE
291,Lorrayne,Lorand,llorand82@cdc.gov,bX4+!{aa6?4?U2,5035730597,5,106,1,5,22,2019-11-29,,TRUE
292,Brett,Gregorowicz,bgregorowicz83@eventbrite.com,qA4_xJ#?y)cRN#P,7633839049,7,38,4,2,22,2017-01-14,,TRUE
293,Pamela,McDavid,pmcdavid84@patch.com,lC3=OU{J%Fg,4034453389,5,51,2,8,30,2018-03-14,,TRUE
294,Byron,Boncoeur,bboncoeur85@bbb.org,"zS5'XFg#*xk?j""",2331182262,3,15,3,7,14,2019-06-14,,TRUE
295,Shawn,Peoples,speoples86@deliciousdays.com,"qY3""J!mp",7588785316,2,72,1,7,16,2023-05-26,,TRUE
296,Kenn,Devonish,kdevonish87@geocities.jp,hN2/Em`fo3bZg,2887655561,2,100,2,9,20,2023-10-01,,TRUE
297,Gamaliel,Celle,gcelle88@pen.io,bH9_z1{Q'9\dqw$M,6874770935,7,61,4,6,7,2022-03-10,,TRUE
298,Ambrosio,Packer,apacker89@utexas.edu,gO1\XOH6j)lo?Ow,3546536004,3,9,1,8,14,2017-04-02,,TRUE
299,Lizbeth,Fendt,lfendt8a@un.org,"sO7?CI1,",6242132003,6,51,4,4,5,2019-10-06,,TRUE
300,Griffy,Wankling,gwankling8b@themeforest.net,"jQ6)5|""YY<!",2344932642,2,91,1,5,26,2019-01-22,2023-11-18,FALSE
301,Ozzy,Broggio,obroggio8c@youku.com,nL4(0*SyCLv1\&,2542377718,3,98,4,3,4,2022-06-16,,TRUE
302,Skye,Nolton,snolton8d@marriott.com,kB3@qbQSq,5961554950,5,144,4,5,30,2019-06-01,,TRUE
303,Danny,Moran,dmoran8e@plala.or.jp,sW0{(`yPhfHaC,3421654943,5,103,4,5,16,2022-10-16,,TRUE
304,Zahara,Attenborough,zattenborough8f@ucla.edu,cK8\mv%N,8494997380,1,98,4,1,1,2023-04-22,,TRUE
305,Bentley,Gascoyen,bgascoyen8g@mediafire.com,xK0_l9K}<60,9668346216,1,126,4,7,22,2023-10-06,,TRUE
306,Rosanna,Brady,rbrady8h@intel.com,"cA6',\Lc",6059241866,6,85,1,7,10,2023-01-08,,TRUE
307,Andrej,Daltry,adaltry8i@google.ca,"aQ4%Rpx.=,~",5217030205,2,40,1,4,16,2016-11-19,,TRUE
308,Avril,Limming,alimming8j@thetimes.co.uk,"pZ6""f6n#3sl",6567398708,4,44,2,6,14,2019-07-25,,TRUE
309,Lou,Toler,ltoler8k@japanpost.jp,eA3*i&')JhghosI,9165156271,5,57,2,5,30,2016-07-06,,TRUE
310,Phillip,Terrett,pterrett8l@w3.org,zZ7_r>di_,6683301779,7,124,1,2,2,2023-12-26,,TRUE
311,Kati,Mathiasen,kmathiasen8m@mail.ru,yV7+SKF`TN,3395052301,5,17,4,6,10,2022-07-26,,TRUE
312,Anetta,Moulder,amoulder8n@bloomberg.com,nM3&=hIhLt(%5,3719277110,5,106,1,3,15,2022-04-24,,TRUE
313,Delmore,Gumb,dgumb8o@yandex.ru,eT2`S2gVx*,8599167168,3,33,3,8,24,2022-05-26,,TRUE
314,Nicolais,Poznanski,npoznanski8p@ning.com,rP4_Ww#HY'K,4787488931,2,25,2,8,8,2021-01-18,,TRUE
315,Charley,Jupp,cjupp8q@samsung.com,bP7\&ZPUU4,4783242050,3,26,4,8,10,2016-11-02,,TRUE
316,Wilek,Corryer,wcorryer8r@cocolog-nifty.com,"rR7&mm""ZJ0KLS",2165000506,7,14,2,6,3,2019-08-25,,TRUE
317,Berti,Saenz,bsaenz8s@csmonitor.com,uC0<RAi\f,3027491465,2,111,3,7,3,2023-10-16,,TRUE
318,Clywd,Bickerdike,cbickerdike8t@bbc.co.uk,gE2$7Pt6*}r,6174550603,4,139,3,4,26,2023-10-29,,TRUE
319,Brittney,Digan,bdigan8u@hostgator.com,jS8#>BB&kwy,4614620223,6,128,4,5,24,2018-10-24,,TRUE
320,Blanche,Chotty,bchotty8v@altervista.org,iR2#8pJ\v!@Zjc,3899024318,4,147,3,5,13,2016-01-24,,TRUE
321,Tonya,Laborde,tlaborde8w@scribd.com,mU6+Ybcr&t,4609359453,4,65,2,2,15,2020-04-17,,TRUE
322,Torie,Cotte,tcotte8x@nbcnews.com,"qE2`{K'""FY",6909476141,5,123,1,8,13,2023-03-19,,TRUE
323,Austina,Hardes,ahardes8y@hud.gov,fQ6/ycl0,4346133564,1,57,3,1,25,2021-08-08,,TRUE
324,Kaylee,Carluccio,kcarluccio8z@scientificamerican.com,zG2_EOS49D!~h,9395458785,2,16,1,5,17,2016-01-25,,TRUE
325,Fifine,Hambers,fhambers90@google.cn,"iE4,s4""8ey)+r",8316881944,7,27,1,6,26,2017-07-07,,TRUE
326,Etan,Madrell,emadrell91@msn.com,"vQ6`,sT#n",5689503406,7,127,4,7,12,2017-11-07,,TRUE
327,Quent,Liptrot,qliptrot92@acquirethisname.com,tZ6_>vbz,7675404666,3,111,3,7,24,2016-07-09,,TRUE
328,Chelsae,Vinson,cvinson93@purevolume.com,iA0@Jz|>#,1559022795,1,64,4,8,21,2019-04-23,,TRUE
329,Vanni,Bickle,vbickle94@foxnews.com,"pL1.b9,UJO0",4299888700,5,84,1,4,23,2020-09-11,,TRUE
330,Drucy,Mulgrew,dmulgrew95@zdnet.com,sJ8?E)T{kQ$Kh7,4761534477,1,135,2,6,3,2023-02-12,,TRUE
331,Hester,Dimitrov,hdimitrov96@w3.org,iU4(D'RMT_M{|gv,4333194600,1,85,1,8,30,2021-12-08,,TRUE
332,Kalila,Povah,kpovah97@dailymail.co.uk,mD5.a179D(8,4295429694,4,140,1,1,18,2019-10-27,,TRUE
333,Kinna,Darko,kdarko98@home.pl,"jE6~m,7zM",2489649703,4,8,1,9,14,2019-12-31,,TRUE
334,Bunnie,Cosker,bcosker99@e-recht24.de,zP4_OyN~k%nK49,4126135543,3,1,3,3,17,2021-04-17,,TRUE
335,Frazier,Deaconson,fdeaconson9a@flavors.me,nD4#0fni\(,7733468916,7,129,4,7,7,2020-05-15,,TRUE
336,Bowie,Kenningham,bkenningham9b@clickbank.net,"eW7}'xy""@})nR",2934506749,1,108,3,5,21,2021-07-10,,TRUE
337,Harriet,Digweed,hdigweed9c@barnesandnoble.com,"tT9<yRCE""@1E",3746549463,7,69,1,8,22,2023-04-15,,TRUE
338,Fidelio,Olney,folney9d@macromedia.com,jX3<8a?*})dt18u',1884835451,2,64,2,7,18,2017-01-27,,TRUE
339,Ardath,Bandy,abandy9e@twitpic.com,bD4$X#A%<zUYnd,3264251132,5,89,1,8,26,2019-10-01,,TRUE
340,Terencio,McBean,tmcbean9f@fotki.com,oI5#7PyW,3714254314,6,118,3,1,21,2017-09-07,2021-08-08,FALSE
341,Virgie,Maevela,vmaevela9g@google.co.jp,lS2+yoVw,9626118874,5,25,1,6,30,2020-01-20,,TRUE
342,Sherie,Brittin,sbrittin9h@yolasite.com,"eL6""A`eO}iXm",8992418072,2,67,3,4,5,2021-12-22,,TRUE
343,Maurits,Brolechan,mbrolechan9i@storify.com,"nI2""L*8GGP6|b./1",4257976900,2,36,1,4,23,2023-12-03,,TRUE
344,Vladimir,Hildred,vhildred9j@indiatimes.com,oS6(uJK|at,3288510807,6,56,4,1,4,2019-03-18,,TRUE
345,Gretna,Saberton,gsaberton9k@tamu.edu,yB6~}~C(nnQ{CN9',6254088130,1,60,4,7,24,2019-02-21,,TRUE
346,Wilburt,Pack,wpack9l@nydailynews.com,yW9_rC9!>0X\iVi,4682761677,3,110,4,3,17,2020-01-03,,TRUE
347,Moria,Champness,mchampness9m@hhs.gov,fC7~f@I<hB,1284828531,7,4,2,8,21,2017-01-03,,TRUE
348,Katleen,Longley,klongley9n@wisc.edu,xM3)y\W$|bJg\,5655809597,3,134,2,4,16,2019-04-20,,TRUE
349,Nataline,Birtles,nbirtles9o@npr.org,wX0.zvRxGH3E2B,8785860891,5,149,1,3,30,2018-11-28,,TRUE
350,Wright,Clifforth,wclifforth9p@pagesperso-orange.fr,bK7_!N8yBh+u`Z,3306214667,3,93,2,6,23,2022-04-29,,TRUE
351,Murdoch,Jarmain,mjarmain9q@sina.com.cn,nU5*WsjfTz30vk,5186222789,2,125,2,6,6,2023-03-20,,TRUE
352,Norine,Bitchener,nbitchener9r@jalbum.net,"bC5=qg""l=",9666257286,4,29,2,6,29,2020-12-17,,TRUE
353,Annis,Marcinkowski,amarcinkowski9s@ucsd.edu,rQ4/uUDq,7727878876,6,94,1,8,28,2018-11-20,,TRUE
354,Jeni,Favel,jfavel9t@comcast.net,kV6/lt8Lfr,3171741038,7,47,2,6,17,2017-06-24,,TRUE
355,Audrie,Brunger,abrunger9u@dagondesign.com,cB0/{~V.8X,2892734168,3,31,3,8,6,2023-05-09,,TRUE
356,Minne,Guice,mguice9v@japanpost.jp,qF2.9!mR,8597884807,6,32,3,4,26,2022-08-07,,TRUE
357,Carline,Pennone,cpennone9w@pbs.org,zH3'%HpF,4515150533,7,12,4,7,19,2021-03-18,,TRUE
358,Agnes,Tows,atows9x@walmart.com,pE6}jd28}q,3387976380,7,94,3,1,4,2018-09-29,,TRUE
359,Marmaduke,Bromley,mbromley9y@studiopress.com,zO5/a8<#*R98)2%9,9139061930,5,144,1,7,26,2022-06-14,,TRUE
360,Marcelline,Vernon,mvernon9z@uiuc.edu,"hB0)ii""NTOE6J'",8493993394,1,72,2,7,18,2020-12-11,,TRUE
361,Gaby,Stebbins,gstebbinsa0@nasa.gov,xM5$`0~pSvCY,6906219823,4,34,3,6,17,2019-01-04,,TRUE
362,Ianthe,Mitchely,imitchelya1@drupal.org,aT0_D+cN,2933107403,3,130,4,7,21,2023-09-13,,TRUE
363,Chickie,Marconi,cmarconia2@google.ru,zQ3\m>|5G,2269337237,6,60,3,2,5,2020-01-02,,TRUE
364,Ashlee,Commin,acommina3@baidu.com,fV1<AueSJ,1855223657,4,33,1,7,19,2017-01-29,,TRUE
365,Allen,Jefferd,ajefferda4@admin.ch,rC5&?s7lqR9zf7,8197778972,1,35,3,2,22,2017-09-19,,TRUE
366,Kara-lynn,Dominguez,kdomingueza5@joomla.org,uQ7_oLjWg,3241047709,2,53,1,5,12,2016-03-06,,TRUE
367,Rickie,Dyde,rdydea6@foxnews.com,oD4#()x}+8>4,1477263713,4,40,4,2,26,2023-04-25,,TRUE
368,Amye,De Bruyn,adebruyna7@nsw.gov.au,oP4/?dXfJQ,4474605271,4,50,2,7,28,2019-03-24,,TRUE
369,Joeann,Hauxley,jhauxleya8@home.pl,yJ3>}0Z9P)LenNLv,5884104543,2,100,3,2,4,2023-02-23,,TRUE
370,Sandy,Viveash,sviveasha9@paginegialle.it,zN4*>aP5JWeCuM,8299125747,3,53,2,3,8,2022-10-22,,TRUE
371,Marie,Sarsons,msarsonsaa@chronoengine.com,kG5!T%#7yc,6703566921,2,102,2,4,14,2017-01-15,2023-09-13,FALSE
372,Alfons,Mephan,amephanab@shop-pro.jp,dV2>)P*Nt3,6108235009,1,8,1,2,7,2023-01-09,,TRUE
373,Rickey,Kearney,rkearneyac@vinaora.com,lO5>$8Vg#)\C)@,9609528123,7,81,3,6,5,2020-12-28,,TRUE
374,Iormina,Bellino,ibellinoad@deviantart.com,wG6_18f7)Aiq,1689736306,5,12,2,8,13,2023-03-29,,TRUE
375,Elane,Samber,esamberae@narod.ru,nM4.vSY`JB9M,2515697052,3,51,2,9,4,2017-10-02,,TRUE
376,Ryan,Caldroni,rcaldroniaf@ebay.co.uk,xB3%pYXT,3628154418,3,3,2,2,10,2016-01-30,,TRUE
377,Dyana,Fishpool,dfishpoolag@craigslist.org,qS6'UL~'Rag,6068864002,4,48,2,8,8,2016-11-12,,TRUE
378,Junina,Woolvett,jwoolvettah@japanpost.jp,zY3/7*N/,4974142086,6,53,4,3,19,2019-10-26,,TRUE
379,Gwendolen,Adamovicz,gadamoviczai@admin.ch,"zR7&}|xm5og""juR",9996793207,6,14,4,5,12,2018-06-25,,TRUE
380,Langsdon,Bartosik,lbartosikaj@cornell.edu,"vY3*H/Cw""c",1493108795,1,110,2,1,22,2023-10-26,,TRUE
381,Anya,Andersen,aandersenak@buzzfeed.com,vK0?L<36`MMpbnu,9716369489,5,78,3,3,8,2022-01-04,,TRUE
382,Seamus,Bumphries,sbumphriesal@free.fr,nD0#3>w5,9802975737,4,49,2,8,9,2019-09-13,,TRUE
383,Willette,Gramer,wgrameram@mtv.com,kO1}RyzyU_<2bb,6165219666,6,82,2,6,5,2023-12-24,,TRUE
384,Isador,Flatley,iflatleyan@blogspot.com,dP2>?$~b3FUw,4148041016,3,129,4,7,21,2018-06-16,,TRUE
385,Joyous,Chetham,jchethamao@uol.com.br,vQ8}<(Yk,5091874466,1,99,4,7,21,2019-08-01,,TRUE
386,Matilde,Dubose,mduboseap@sciencedirect.com,"uF7""z%aWCG@",5009119180,7,142,3,8,13,2018-08-24,,TRUE
387,Frances,Antosik,fantosikaq@oakley.com,"pS8>Z<|V|Ji},(7",8806335056,4,105,2,6,9,2022-07-17,,TRUE
388,Lexie,Scurrer,lscurrerar@engadget.com,mV2#!XPeliOGG,9099918920,2,77,2,5,26,2019-04-25,,TRUE
389,Junia,Terrelly,jterrellyas@oakley.com,nI1$#\oEz,7399769597,2,124,2,1,16,2023-07-19,,TRUE
390,Katrinka,Cridlin,kcridlinat@harvard.edu,jE3'%>/Ajebg*?C,1892345857,5,146,2,8,1,2020-10-01,,TRUE
391,Davita,Merrell,dmerrellau@weather.com,vF3>+yc}.YG=I,7124222864,3,95,2,5,3,2021-03-03,,TRUE
392,Linnea,Hawkridge,lhawkridgeav@jiathis.com,lF0#**K8$8.Ud(en,8624714625,1,72,1,3,11,2023-08-13,,TRUE
393,Thadeus,Bustin,tbustinaw@irs.gov,pH9'gl%Wh#/J',7511413203,5,5,2,2,10,2018-12-22,,TRUE
394,Armin,Greendale,agreendaleax@1688.com,wE2/Xq3}3/1eft(t,7089309136,2,83,1,1,5,2018-11-18,,TRUE
395,Geordie,Trout,gtroutay@youtu.be,gO7!YjcdXf,6238167111,1,36,1,1,12,2017-11-29,,TRUE
396,Chrysa,Gehringer,cgehringeraz@gmpg.org,eN5_fy3xv,2982847157,1,81,4,3,24,2017-01-31,,TRUE
397,Quillan,Girardey,qgirardeyb0@cisco.com,"zW4()Ev""ak#RZ/",7711482746,6,68,1,6,16,2017-07-24,,TRUE
398,Florentia,Oakenfield,foakenfieldb1@creativecommons.org,mG1.rq4UR>,7337953760,6,77,3,1,11,2020-06-01,,TRUE
399,Vinny,Cubbini,vcubbinib2@dot.gov,"sU9,t<*9",7142645723,5,109,3,2,5,2018-10-16,,TRUE
400,Lorene,Airdrie,lairdrieb3@cyberchimps.com,fU1.4{T$'6ob6,6783662818,5,66,1,5,4,2022-05-10,,TRUE
401,Wilhelmina,Crotty,wcrottyb4@bbc.co.uk,lF0!ndkK?Xw,3628157678,2,81,1,4,10,2016-10-19,,TRUE
402,Cate,Mullender,cmullenderb5@gov.uk,kD1<V*A`Ft`6,2601460983,1,14,2,5,15,2022-01-20,,TRUE
403,Reamonn,Pacht,rpachtb6@webeden.co.uk,qG5@Z<?)8I,3555220049,4,36,4,7,23,2020-08-27,,TRUE
404,Hirsch,Dunk,hdunkb7@arizona.edu,vQ0>`C<js=.Hvd2,5424443338,6,43,2,3,5,2023-07-01,,TRUE
405,Pyotr,Torregiani,ptorregianib8@opensource.org,qX0@#<dC|,5469512148,2,109,2,9,2,2021-12-14,,TRUE
406,Alfi,Laslett,alaslettb9@aol.com,"nD9""!i}}gT3su",7623868720,6,4,1,5,12,2022-11-15,,TRUE
407,Prisca,Court,pcourtba@odnoklassniki.ru,mY5\A'<J1Lu,7644962110,1,146,4,7,10,2018-04-07,,TRUE
408,Guillermo,Auld,gauldbb@youtu.be,pY6&m&`(l~G,5451149984,6,60,4,8,13,2022-01-20,,TRUE
409,Pacorro,Guichard,pguichardbc@123-reg.co.uk,"cA7""kxwQ",2676772010,5,84,2,2,9,2020-10-03,,TRUE
410,Caddric,Eisak,ceisakbd@foxnews.com,"nU6/&.ke""SnEwdt",9555495312,5,133,2,9,4,2019-08-22,,TRUE
411,Ivan,Bowler,ibowlerbe@nydailynews.com,fI6%2hpN9zOu,7488163420,5,83,4,8,25,2022-11-28,,TRUE
412,Rees,Elves,relvesbf@nydailynews.com,gM3/+k)QPUS*,4019622808,6,100,4,3,19,2021-04-22,,TRUE
413,Eloise,Theobalds,etheobaldsbg@wikimedia.org,"lP7""LU`+X44x}",4675129089,3,120,3,9,24,2021-03-23,,TRUE
414,Pammi,Norquay,pnorquaybh@paginegialle.it,qL9>5aZs15,2165872501,2,14,2,3,27,2023-01-21,,TRUE
415,Eli,Castelow,ecastelowbi@deviantart.com,fF8`E'J|,4191494242,6,95,4,1,16,2018-08-22,,TRUE
416,Vivi,Wyley,vwyleybj@cloudflare.com,hW8|bDOR*_1Fo'z\,7796896865,1,11,3,8,22,2021-10-17,,TRUE
417,Jorge,Corley,jcorleybk@cafepress.com,oU5_Mm~j!~%ef,8752795631,1,135,3,9,23,2022-12-13,,TRUE
418,Ban,Patrickson,bpatricksonbl@live.com,"mJ7|GLK2""czt1",8678905277,3,38,3,9,28,2017-03-09,2021-12-14,FALSE
419,Ibrahim,Fetters,ifettersbm@sphinn.com,oR9*1~1Ju,7602189246,5,27,1,2,24,2022-02-15,,TRUE
420,Marty,Stilgo,mstilgobn@google.com.br,wM0{GrGbc3v>N,3896448847,7,149,1,9,11,2020-05-22,,TRUE
421,Bryn,Pleuman,bpleumanbo@soundcloud.com,xY9.&{h`,2297886563,7,102,3,9,23,2020-01-16,,TRUE
422,Fin,Tredinnick,ftredinnickbp@discovery.com,"jP0,2YKV",1438608034,2,13,4,2,5,2022-03-24,,TRUE
423,Shadow,Whooley,swhooleybq@google.co.jp,aJ5_FOFfmb(b,2457331634,6,17,1,9,14,2019-04-10,,TRUE
424,Sisile,McGeachy,smcgeachybr@sphinn.com,"nD5'ap""xENn7P2|m",4033670532,1,122,2,5,18,2021-05-19,,TRUE
425,Rhiamon,Metzel,rmetzelbs@sbwire.com,bV4`ZRxSLW1,1694406643,2,81,1,6,20,2021-09-08,,TRUE
426,Gerhard,Kilner,gkilnerbt@buzzfeed.com,tW8<Kh@a,5729940691,4,66,3,3,17,2020-01-09,,TRUE
427,Rozina,Dyneley,rdyneleybu@sbwire.com,"kK7,/GKH",3881437484,1,103,4,5,2,2017-04-13,,TRUE
428,Deeyn,Putt,dputtbv@newyorker.com,xW3.atEWrtWb.,5062139278,4,29,2,3,18,2021-05-08,,TRUE
429,Batholomew,Hassewell,bhassewellbw@answers.com,jQ0=%RGo?9X(UI>a,7603593562,5,143,3,3,12,2016-01-11,,TRUE
430,Ev,Goodfield,egoodfieldbx@amazon.de,qF2~G55`fp%K,4113477017,1,122,1,7,23,2023-12-06,,TRUE
431,Elmore,Falla,efallaby@engadget.com,"jZ9,aA3xDN",4887916036,1,20,4,9,26,2021-03-08,,TRUE
432,Valenka,Duffin,vduffinbz@weather.com,"lO6}jgB@h,5qh",9491306255,4,114,3,3,27,2022-08-05,,TRUE
433,Linette,Yggo,lyggoc0@imdb.com,hH5>Y{H_A,2936178999,7,84,3,2,15,2018-11-19,,TRUE
434,Murdock,Buzzing,mbuzzingc1@earthlink.net,vC7=t%Jz58HZ,3457533100,5,110,4,3,19,2021-05-21,,TRUE
435,Billie,Brailsford,bbrailsfordc2@wired.com,oJ3'jpY8F#m<g,9649829336,7,52,4,2,10,2016-01-15,,TRUE
436,Izzy,Spight,ispightc3@tuttocitta.it,iK9`I/QJ/,4889154150,7,128,1,9,1,2022-10-11,,TRUE
437,Wallie,Woodger,wwoodgerc4@livejournal.com,bY7?<$s%Kzc,2142353921,5,80,1,3,26,2020-12-30,,TRUE
438,Yvor,Boosey,ybooseyc5@psu.edu,sT6{&H'(9?,3006385498,1,91,4,7,23,2020-06-17,,TRUE
439,Dionis,Ridde,driddec6@hubpages.com,sH1&j_>v,9131694464,5,125,4,7,29,2021-07-21,,TRUE
440,Chevy,Lawrenz,clawrenzc7@vimeo.com,xR2_?dep3tu,8399378907,2,24,2,9,28,2016-01-18,2018-04-24,FALSE
441,Farleigh,Iannello,fiannelloc8@bing.com,mN7#y2qnfnAi6|,6869939697,4,113,4,3,7,2018-04-24,,TRUE
442,Shane,Thewless,sthewlessc9@squarespace.com,"pG0""1vjp",3385415883,5,95,4,7,21,2017-07-22,,TRUE
443,Sheree,Kynvin,skynvinca@sun.com,qL1$dUC|7,4811094772,5,9,1,3,9,2021-05-25,,TRUE
444,Alex,De-Ville,adevillecb@bloglines.com,oP1@S1uHcNqh&',8719799624,3,123,3,5,12,2017-05-26,,TRUE
445,Fran,Lyptrade,flyptradecc@disqus.com,zD7|HJtn7U}=N(8y,6204105842,4,66,3,8,22,2021-04-03,,TRUE
446,Alonzo,Andriveau,aandriveaucd@shareasale.com,"rJ7\j!lo60$Mbb,9",4749925052,4,56,1,2,11,2020-05-30,,TRUE
447,Coreen,Batalle,cbatallece@t.co,mH7*NF+q,1803411667,5,24,2,1,26,2021-06-29,,TRUE
448,Bidget,Ben-Aharon,bbenaharoncf@sciencedirect.com,"yS5,/OnYvX2",1935803194,7,16,4,5,11,2018-04-14,,TRUE
449,Eleonore,Drillingcourt,edrillingcourtcg@infoseek.co.jp,lP2<KYVE!S,2817279488,4,81,3,9,11,2017-02-02,,TRUE
450,Ugo,Ibotson,uibotsonch@1688.com,uC8!h#cU}NY<,6594065721,6,48,3,6,23,2022-06-15,,TRUE
451,Winston,Gadd,wgaddci@marketwatch.com,tB5\!v|Pjh#,3728068227,5,88,1,4,30,2020-01-20,,TRUE
452,Saidee,Ghelarducci,sghelarduccicj@geocities.jp,hU4}s9(AUQPPh,1465960904,1,59,1,6,11,2023-08-10,,TRUE
453,Ignaz,Stirley,istirleyck@accuweather.com,"tQ2{,'8#QM",5649756678,3,99,3,2,21,2021-01-21,,TRUE
454,Glenine,Bifield,gbifieldcl@imageshack.us,gK0/$sCJz{,7749743236,6,75,3,6,9,2017-05-02,,TRUE
455,Ashli,Skillman,askillmancm@stanford.edu,yH1@V%z|?<3eL,5437992590,6,68,4,4,14,2016-06-13,2019-10-22,FALSE
456,Sal,Matiewe,smatiewecn@example.com,gB4=Kr3FI1t*.t3M,7369967664,3,84,3,8,8,2019-10-22,,TRUE
457,Alaric,Sclater,asclaterco@slate.com,fP7.?Rc.BSov,9894354524,3,136,1,6,30,2019-04-26,,TRUE
458,Olivie,Smeaton,osmeatoncp@google.co.uk,"jS6)bE,X@.W!g",3616063027,7,131,2,2,5,2020-01-26,,TRUE
459,Beryl,Bastick,bbastickcq@fotki.com,wG9(uP$f,9034866582,4,113,3,1,9,2023-12-13,,TRUE
460,Brooks,Horbath,bhorbathcr@topsy.com,"zA3.J%,6",1542373271,4,7,4,1,29,2023-11-12,,TRUE
461,May,Rubrow,mrubrowcs@bing.com,"wH0}B\`,GMX=m",9707197381,1,22,4,5,10,2022-02-23,,TRUE
462,Mathilda,Feavearyear,mfeavearyearct@cisco.com,jS4}?8.k>,3377384173,2,145,3,4,14,2022-12-05,,TRUE
463,Jonie,Utteridge,jutteridgecu@ft.com,wQ7\/YEbV,8681943226,7,19,3,5,14,2016-09-05,,TRUE
464,Morie,Canas,mcanascv@acquirethisname.com,nK4>iVzS#8iw,8075915971,2,106,1,4,3,2022-03-06,,TRUE
465,Decca,Nutbrown,dnutbrowncw@yahoo.com,rE1<BMH}WC,3926854110,5,23,3,3,16,2020-03-01,,TRUE
466,Nell,Hanstock,nhanstockcx@booking.com,"hO4#J,?EpNNo=++",6976502999,7,42,3,7,4,2023-10-01,,TRUE
467,Sky,Monkeman,smonkemancy@walmart.com,"yJ3(V73{vmeRx,M",3874939767,6,112,2,1,23,2020-09-03,,TRUE
468,Hatty,Hardi,hhardicz@epa.gov,"sR4""!RQ9b%KMa",1519515170,4,44,1,8,6,2018-04-10,,TRUE
469,Benjamen,Callow,bcallowd0@squarespace.com,tV8>=G3K,8524935162,4,122,4,7,13,2022-09-29,,TRUE
470,Milissent,Allawy,mallawyd1@chron.com,uE8|xdstt{y|=,8317586911,3,15,4,5,23,2017-03-22,,TRUE
471,Ivan,Olivet,iolivetd2@discovery.com,iX7(kbO7GIcm#_77,3285979005,1,12,4,1,7,2018-08-20,,TRUE
472,Tedda,Reburn,treburnd3@360.cn,cY5\b4=w5#,4973440652,1,41,4,5,9,2019-02-14,,TRUE
473,Leanora,Gelly,lgellyd4@smugmug.com,vK7..6a`kSfo,2719055980,2,146,4,1,14,2020-09-17,,TRUE
474,Knox,Shuttleworth,kshuttleworthd5@hao123.com,eT4/Qi>31ZOh=8,5487200115,5,69,1,5,24,2019-10-13,,TRUE
475,Thom,Haack,thaackd6@skype.com,kN9}$NiA,6952121042,1,124,3,4,9,2019-08-02,2021-10-05,FALSE
476,Kaia,Aughtie,kaughtied7@youtube.com,yY5(`5y(rAyk,4421731147,1,84,4,8,6,2019-10-03,,TRUE
477,Adey,Terbruggen,aterbruggend8@elpais.com,hK8!f'd8XT~=/uJ,6143279126,7,35,3,2,9,2017-10-06,,TRUE
478,Philomena,Jarmaine,pjarmained9@buzzfeed.com,"qV1_,%fbX",8156832672,7,94,3,8,20,2017-09-27,,TRUE
479,Ainslee,Elliot,aelliotda@utexas.edu,"sQ8/(>X,pRfoiK$P",4688781041,5,146,3,3,23,2022-07-02,,TRUE
480,Sophie,Mattack,smattackdb@i2i.jp,"cK4,gZ4q",8121345682,7,137,2,1,14,2021-09-20,,TRUE
481,Patty,Klemmt,pklemmtdc@lycos.com,"hU5'u&f""9J>d~",8003157286,5,38,3,3,7,2017-03-14,,TRUE
482,Harriott,Dullard,hdullarddd@jugem.jp,pD1?SdMJh*,9298629621,7,87,1,2,2,2021-10-05,,TRUE
483,Reilly,Hills,rhillsde@yelp.com,"aE3#_|XsRT#,SC",6404640647,7,2,1,2,24,2022-01-05,,TRUE
484,Gunther,Wurz,gwurzdf@bloglines.com,rH7#~#w|)z3i>>,5441669384,7,22,2,8,19,2018-01-23,,TRUE
485,Antonin,Sexstone,asexstonedg@oracle.com,yG8@E_MD,4855808185,4,72,3,5,1,2021-07-15,,TRUE
486,Ham,Wiles,hwilesdh@nydailynews.com,tZ4!h.nI'/@sXKO,1247226517,1,67,3,7,11,2022-04-22,,TRUE
487,Purcell,Lain,plaindi@wikia.com,"cX4""6'QqOL2",1286285431,4,99,4,5,20,2017-03-30,,TRUE
488,Nanon,Trowler,ntrowlerdj@cam.ac.uk,iH7\'cvIzCa!oBR,7309815028,3,102,3,2,22,2020-12-21,,TRUE
489,Bronny,Rahill,brahilldk@dagondesign.com,"tT4#x37+""Mc",7145609038,4,67,1,9,22,2019-09-24,,TRUE
490,Joana,Gaines,jgainesdl@google.com,"iF5""`wd3lps1#\8",9231805486,4,45,3,4,7,2020-06-17,,TRUE
491,Hans,Berka,hberkadm@w3.org,"xQ7+*""CK",7717751680,4,63,1,2,27,2016-01-14,,TRUE
492,Gun,Abramov,gabramovdn@wufoo.com,pM7{ShC0M+.Eoh,1646486581,5,61,4,7,4,2018-06-29,,TRUE
493,Terza,Heimes,theimesdo@nationalgeographic.com,"aZ3.T""#?6Sa+",1347766721,4,57,4,9,5,2017-05-29,,TRUE
494,Lorrin,Springtorp,lspringtorpdp@spiegel.de,qC2(GXTC0`_dn),8951423243,3,90,1,7,20,2023-07-30,,TRUE
495,Caryn,Meadowcroft,cmeadowcroftdq@oakley.com,cC8@5$K!CORXn,8823949610,7,126,3,6,26,2021-08-14,,TRUE
496,Grannie,Holliar,gholliardr@homestead.com,"jQ3""mE1BO",5698891317,7,131,3,9,12,2021-07-27,,TRUE
497,Blaine,Heditch,bheditchds@de.vu,mN6)msG$*&6/p5,4869699249,6,28,2,3,17,2023-03-21,,TRUE
498,Joyan,O'Curran,jocurrandt@usda.gov,"pI7''pWBT11E,o",5181971567,5,78,3,9,29,2019-02-21,,TRUE
499,Dotti,Dowden,ddowdendu@harvard.edu,vA9{d#q!,4537573722,6,78,2,5,24,2019-03-02,,TRUE
500,Carilyn,Simco,csimcodv@hhs.gov,aC1{G`?}~8?,9227733701,4,112,2,4,23,2016-04-19,,TRUE
501,Tammy,Marns,tmarnsdw@epa.gov,"hO7#"">Pqkdt&b",4201121962,4,121,2,6,29,2019-05-11,,TRUE
502,Lilllie,Erdely,lerdelydx@google.com,dS2%TZ1e`7SU,8463241471,3,43,2,6,20,2019-02-07,,TRUE
503,Hallsy,Clere,hcleredy@devhub.com,"lZ4+V3_""!",3685654753,2,2,2,5,3,2019-11-16,,TRUE
504,Sybille,Pavelin,spavelindz@yolasite.com,"pJ3<k{""a8g4@z/(9",7547167716,2,83,1,5,13,2022-10-09,,TRUE
505,Lynnette,Applin,lappline0@washingtonpost.com,"vA1""k.Pve6",4275584473,1,24,3,3,4,2021-11-07,,TRUE
506,Broderic,Davidovicz,bdavidovicze1@clickbank.net,vN8/lcl9C5_,9098079238,3,28,3,5,12,2016-03-27,,TRUE
507,Lewes,Boater,lboatere2@g.co,wS0?Od'(w%hhD,8414423759,6,63,4,3,3,2023-04-24,,TRUE
508,Daune,Yexley,dyexleye3@msn.com,"uR0,DU9cosouY",4425188409,1,6,3,3,20,2022-01-21,,TRUE
509,Lynda,Blinman,lblinmane4@blogger.com,pK4)Al~),7205047119,6,117,1,4,12,2016-01-07,,TRUE
510,Zebedee,Lammin,zlammine5@army.mil,gD9`x=j%{,1679304698,3,108,2,7,28,2020-10-15,,TRUE
511,Ben,Flacknoe,bflacknoee6@stumbleupon.com,nV3)hZfY,6706776660,1,64,4,4,6,2022-07-11,,TRUE
512,Hyacinthia,Nulty,hnultye7@time.com,rF1*wsL{X,6363600280,3,150,2,5,6,2018-12-05,2021-11-07,FALSE
513,Manon,Pawlowicz,mpawlowicze8@twitpic.com,"xO2*s0=|\""~",7697494227,2,28,4,9,18,2022-11-05,,TRUE
514,Georgie,Johnstone,gjohnstonee9@fotki.com,yC5)U|6pxB<,5909362152,2,121,1,9,23,2023-03-01,,TRUE
515,Hildy,Kernaghan,hkernaghanea@disqus.com,xH0/wmFYEw.jT+}+,8684862875,7,48,3,6,30,2020-12-06,,TRUE
516,Clevey,Dairton,cdairtoneb@reverbnation.com,"qO5""?/KJAs'P",5329663864,5,39,1,5,21,2023-05-10,,TRUE
517,Theda,DelaField,tdelafieldec@themeforest.net,cX7&tOI.,3938246026,6,26,1,7,10,2023-12-07,,TRUE
518,Luigi,Trobridge,ltrobridgeed@senate.gov,mW3=rFqMK4*iB,6133356196,3,133,2,7,10,2017-03-27,,TRUE
519,Daune,Warde,dwardeee@tiny.cc,qT4*Z2k&`7AeN23,9737089075,7,90,2,1,17,2016-11-20,,TRUE
520,Bat,Stogill,bstogillef@facebook.com,cM4|4i`R$y,7468325801,4,139,3,4,22,2020-12-18,,TRUE
521,Rosalynd,Vitet,rviteteg@parallels.com,oN7.2jcvP.(AYjG,5569820125,4,116,1,1,29,2018-12-27,,TRUE
522,Paloma,Pentony,ppentonyeh@about.me,cD4+wkwbYl.EXgP,4378880297,1,142,4,8,6,2020-02-15,,TRUE
523,Fae,Nottram,fnottramei@twitpic.com,eD9!$>Ly,4676249591,1,6,2,8,12,2022-05-14,,TRUE
524,Kile,Fahrenbacher,kfahrenbacherej@ow.ly,lU3/+lGON*,3563330423,7,116,4,6,14,2018-06-05,,TRUE
525,Wylma,Clitherow,wclitherowek@nature.com,vS2~Tg.Ed,4661909407,1,24,3,6,26,2020-10-07,,TRUE
526,Chucho,Crosier,ccrosierel@nih.gov,uR7)bT*NY,9828402223,2,77,3,7,18,2020-01-06,,TRUE
527,Karylin,Achurch,kachurchem@jiathis.com,mX0}PO(uqI,9546258579,1,81,4,5,25,2017-05-08,,TRUE
528,Eleen,Kinkaid,ekinkaiden@gravatar.com,mG0|yf/Sky1SV4E,6449372032,2,43,3,2,1,2019-01-15,,TRUE
529,Marguerite,Shoulder,mshouldereo@virginia.edu,rH9&''lH$!3_X,6444172617,1,15,4,5,6,2017-02-08,,TRUE
530,Aubrey,Guyet,aguyetep@dmoz.org,eI8>$vOG,2966439474,4,105,1,9,21,2022-07-04,,TRUE
531,Elvyn,De Benedetti,edebenedettieq@youtu.be,cS5.mcuH,5196173524,1,54,2,2,7,2020-11-25,,TRUE
532,Patrica,McCarlie,pmccarlieer@nasa.gov,iC4\DXllG2.t%Z3|,6147035317,2,24,3,5,23,2021-01-22,,TRUE
533,Nicko,Donaway,ndonawayes@archive.org,"sX7&+l.,!Z{'KL?",9437955557,3,86,4,9,15,2017-03-22,,TRUE
534,Rowen,Emtage,remtageet@ft.com,fF1`$bia,4175470059,5,114,1,1,7,2022-06-27,,TRUE
535,Haily,Bagley,hbagleyeu@goo.gl,qL1~$_AS9(#,2236767757,2,38,4,9,11,2017-04-20,,TRUE
536,Theodor,Braithwaite,tbraithwaiteev@shutterfly.com,mL5'766X,9932616380,5,111,1,8,30,2019-06-25,,TRUE
537,Haroun,Batterham,hbatterhamew@theatlantic.com,bS6!fNqwXX,7693871151,5,4,1,1,25,2022-12-03,,TRUE
538,Berti,Huntingdon,bhuntingdonex@flickr.com,gM0}4%|\=C,1541490958,1,61,4,4,13,2019-12-22,,TRUE
539,Faustine,de Pinna,fdepinnaey@boston.com,rA1%iFTKxdLp,3763443756,3,75,3,2,9,2020-07-13,,TRUE
540,Camilla,Meynell,cmeynellez@go.com,tW3)!ku#!>By`,9125953927,1,129,1,3,12,2020-05-12,,TRUE
541,Clarisse,Benzie,cbenzief0@dailymotion.com,wK0/`smMLH7\q},6776165019,7,62,2,4,1,2021-07-20,,TRUE
542,Simmonds,Mcettrick,smcettrickf1@sourceforge.net,gL7+`{*tz{=Tb&Sp,3131552705,6,67,1,2,15,2016-02-16,,TRUE
543,Aloysius,Dosedale,adosedalef2@devhub.com,"bT2.Pf~NG""$",5325587947,4,63,3,7,6,2017-07-26,,TRUE
544,Ewan,Curds,ecurdsf3@yellowpages.com,jY5$A.i2TVp,9318354072,4,18,3,6,2,2023-03-18,,TRUE
545,Denny,Tilsley,dtilsleyf4@cargocollective.com,oJ5_x/kO_GT4h,3467736764,2,84,3,6,26,2020-07-19,,TRUE
546,Kingsly,Westmancoat,kwestmancoatf5@telegraph.co.uk,zI1*{'Q6}s,5144639075,3,53,2,7,18,2017-04-04,,TRUE
547,Henri,Holbie,hholbief6@wired.com,xO0=t/iO4,4323242338,1,124,4,1,9,2023-11-06,,TRUE
548,Brander,Lanegran,blanegranf7@army.mil,"sJ5!e""oRd<L",6859963809,1,134,4,3,5,2017-11-24,,TRUE
549,Wilfred,McGann,wmcgannf8@blogtalkradio.com,pY7@mPO9r4y.Aa2,9018542014,7,8,2,2,5,2016-04-08,2017-02-08,FALSE
550,Annaliese,Worsfield,aworsfieldf9@devhub.com,kG0<?iSQ.UK~V=UK,2336542061,3,33,2,4,1,2021-08-04,,TRUE
551,Gracie,Reekie,greekiefa@netscape.com,fH4/q{3S,5763790149,4,83,2,8,10,2018-06-18,,TRUE
552,Constanta,Pencost,cpencostfb@posterous.com,lC9{Z%>B3*M3f*C,9238129054,5,105,3,5,27,2021-06-26,,TRUE
553,Misty,Howselee,mhowseleefc@webeden.co.uk,xW7`AbS'IwI,8088781324,1,12,2,2,4,2017-06-01,,TRUE
554,Tully,Hounsom,thounsomfd@indiegogo.com,hK5>{9OeWQ,8019679243,2,73,2,4,16,2023-11-22,,TRUE
555,Marlane,Girton,mgirtonfe@google.ru,"oN5""{J?~LSB'uxK",1188956433,4,47,2,4,15,2018-03-05,,TRUE
556,Norbert,Boldra,nboldraff@tiny.cc,eX1\vjZH$=,2526962025,2,70,1,4,23,2020-12-29,,TRUE
557,Paulette,Wike,pwikefg@adobe.com,qI3&Ug2TU>,8272945469,7,70,1,9,11,2019-01-22,,TRUE
558,Dannel,Ferencowicz,dferencowiczfh@amazon.co.jp,dY4{FJsDTscQ~H9,3309983038,1,131,1,4,21,2016-07-02,,TRUE
559,Honor,Puleston,hpulestonfi@live.com,cJ1&fTKo',5782271471,2,68,2,1,5,2020-04-13,,TRUE
560,Joane,Beddon,jbeddonfj@nps.gov,dZ2`KV(%,4125370044,1,56,4,2,26,2016-07-07,,TRUE
561,Allianora,Annand,aannandfk@pbs.org,fC7(b8>20fyUm>,8109184757,1,3,2,3,25,2018-09-17,,TRUE
562,Rafi,Cochrane,rcochranefl@drupal.org,rZ5%z(exG,7801023022,3,81,4,9,28,2016-07-05,2016-07-07,FALSE
563,Bonny,Deverale,bdeveralefm@free.fr,hI6/&L5*cB/irpx,7097772352,4,64,4,2,11,2022-02-24,,TRUE
564,Muhammad,Dudden,mduddenfn@yelp.com,wS3`528E,2969164043,1,83,4,4,28,2022-11-20,,TRUE
565,Elspeth,Ebi,eebifo@admin.ch,vO3~wC51%_\,8061818443,2,133,3,4,30,2022-03-07,,TRUE
566,Grete,Petrusch,gpetruschfp@mayoclinic.com,lK8)7_P%,5078423578,5,71,1,2,16,2017-01-16,,TRUE
567,Isahella,Thewles,ithewlesfq@hibu.com,"iI8#.j>6voel""*@",6624021937,3,103,4,6,9,2023-07-31,,TRUE
568,Marcy,Eilert,meilertfr@gov.uk,"tV3=+""z1BMA9Lj~x",8352208070,7,116,2,3,15,2021-01-24,,TRUE
569,Shannah,McKimm,smckimmfs@gmpg.org,"bJ6>Jf,h@N=/""%r9",7814441607,6,122,2,7,8,2022-06-09,,TRUE
570,Jacquelin,Brito,jbritoft@un.org,mD8}A~|O~,1825420988,5,102,1,5,13,2023-09-08,,TRUE
571,Lucilia,Franzotto,lfranzottofu@amazon.co.jp,"aI1,%FNC""2_~hHu",3286676739,3,9,2,3,25,2016-10-07,,TRUE
572,Ive,Meeland,imeelandfv@com.com,bP1.CFbQu0GbyI,8097011661,3,112,3,8,11,2019-01-01,,TRUE
573,Nolie,Bagot,nbagotfw@meetup.com,"uR3#0,'5s9",4917145961,6,110,4,2,4,2020-08-09,,TRUE
574,Joshia,Steagall,jsteagallfx@jiathis.com,eK8!xKjFr!k,4067840052,4,2,3,3,26,2023-05-19,,TRUE
575,Marchall,Crannach,mcrannachfy@google.com.au,"oA7""z8<U6g2j&yd",4069793219,2,94,1,2,10,2019-10-17,,TRUE
576,Ashli,Ousby,aousbyfz@qq.com,hZ9{sJ>byh,6381623381,1,63,3,5,24,2023-03-12,,TRUE
577,Franciskus,Wignall,fwignallg0@constantcontact.com,eI6@fFind&!,7174140611,7,72,2,5,2,2021-05-05,,TRUE
578,Gerti,Inge,gingeg1@tmall.com,zE8=ObL_,3215527657,2,24,1,8,30,2019-06-22,,TRUE
579,Bellina,Mincher,bmincherg2@free.fr,vG0?njhi=\?,2924859150,1,112,2,3,23,2019-06-23,,TRUE
580,Gilli,Stearn,gstearng3@pbs.org,xO6!6RGCeE)y0,9619683566,3,84,4,4,22,2020-06-28,,TRUE
581,Shurlocke,Tellenbach,stellenbachg4@dot.gov,gL3+ROY<@Ax,9373255572,3,111,2,6,3,2022-11-12,,TRUE
582,Ambur,Jendrusch,ajendruschg5@businesswire.com,eL9=sDhAe1NW!,9007035410,2,141,1,6,30,2020-05-21,,TRUE
583,Jennie,Mc Gee,jmcgeeg6@nhs.uk,kV6#4*v=68pG?,6559437497,1,82,4,4,9,2016-07-09,,TRUE
584,Read,Renvoise,rrenvoiseg7@scientificamerican.com,lV7*O3J`C1'MP,2506559688,6,1,4,6,26,2018-02-24,,TRUE
585,Hedy,McGrath,hmcgrathg8@wsj.com,yC5{tGP0VF(Z,6089126043,3,36,1,4,26,2016-06-15,,TRUE
586,Tedman,Emps,tempsg9@purevolume.com,gI6)C\a{g,7586128936,7,53,1,5,13,2016-05-31,,TRUE
587,Maxine,Gadie,mgadiega@mit.edu,bY6`TKSw.2pI,7965860679,3,2,2,5,2,2016-05-18,,TRUE
588,Phebe,Outright,poutrightgb@php.net,"bF0.""Cm9Wy{",8282476651,1,84,2,8,3,2021-09-13,,TRUE
589,Town,Biggs,tbiggsgc@apple.com,wU5)v4ZF,7356988317,7,99,4,2,30,2023-09-03,,TRUE
590,Val,Honnicott,vhonnicottgd@furl.net,"nM1""s>.OH`""4",1996325109,6,96,3,8,7,2018-03-31,,TRUE
591,Petrina,MacLaughlin,pmaclaughlinge@google.it,pD1|jT~m~2t,6225000512,5,3,1,1,1,2021-03-29,,TRUE
592,Patrizio,Husby,phusbygf@cmu.edu,"fK6|""2vjal{Hmw{+",6641285418,4,70,3,9,2,2022-02-05,,TRUE
593,Vince,Bloxland,vbloxlandgg@flickr.com,"uF3+C7O,kq*",4515961511,6,112,3,9,24,2019-01-09,,TRUE
594,Belva,Falconer,bfalconergh@economist.com,jU0+'bSobI3K1y,9997211764,7,44,2,6,26,2022-04-23,,TRUE
595,Berget,Summerside,bsummersidegi@amazon.com,gQ3$#|LpCh,6362855785,4,96,2,8,6,2023-10-19,,TRUE
596,Hunter,Kealey,hkealeygj@foxnews.com,aF3<*Jq0/'V+,1398551545,1,125,3,3,24,2016-03-07,,TRUE
597,Blaine,Woodsford,bwoodsfordgk@timesonline.co.uk,lD2.6C#fo42,6259981712,2,128,2,5,2,2023-07-11,,TRUE
598,Ethan,Bettleson,ebettlesongl@boston.com,"bH6%,Xb9sTmC",9775061599,4,43,1,4,4,2019-05-26,,TRUE
599,Jaquith,Braffington,jbraffingtongm@slashdot.org,xX9$\R~oV)(A'3g,5752197587,6,71,3,7,7,2016-08-20,,TRUE
600,Cherice,Thunderman,cthundermangn@topsy.com,"qG2""lcvSjPE1",4351069695,2,76,1,4,14,2017-03-13,,TRUE
601,Calypso,Presslee,cpressleego@smh.com.au,pH9+(%QUTHot6(,2871295569,2,102,1,6,14,2021-03-24,,TRUE
602,Norma,Reaney,nreaneygp@soup.io,kM4`j{UT_P`,2138828839,6,20,2,8,1,2019-04-11,,TRUE
603,Saxon,Sanderson,ssandersongq@google.fr,kJ8|nMc`<_wnrZ?,7303823510,6,12,1,5,9,2016-11-02,,TRUE
604,Orren,Autrie,oautriegr@ow.ly,wV2\m*j4Q+$tpE,1869118046,6,68,2,1,11,2017-12-03,,TRUE
605,Ulrick,Booler,uboolergs@behance.net,uN2`E\{#~}v,8674382671,6,27,1,7,18,2018-11-16,2020-06-17,FALSE
606,Florrie,Beauman,fbeaumangt@dyndns.org,bC4_hK_kBUy,8248799746,5,38,2,3,8,2020-06-17,,TRUE
607,Bree,Longmore,blongmoregu@bloglines.com,rS4_>0X.PmLHHs%Z,8847888822,5,81,2,4,26,2019-06-16,,TRUE
608,Powell,Broszkiewicz,pbroszkiewiczgv@rediff.com,jW2#Iv='_{.`sN+,2432077505,6,80,2,6,28,2016-10-30,,TRUE
609,Shay,Isley,sisleygw@google.pl,"pY3\wy,T",8644971665,4,48,1,6,23,2023-01-05,,TRUE
610,Joanie,Joska,jjoskagx@is.gd,oA9|DKF9m{f+/B,7673318092,2,12,4,2,22,2016-07-27,,TRUE
611,Shane,De la Yglesia,sdelayglesiagy@statcounter.com,"uO4}4}mS""`+h+u",4289252294,5,87,4,2,11,2019-07-16,,TRUE
612,Jud,Rulten,jrultengz@washington.edu,"oE9""g6Y@g7ub?_",1492879694,3,22,2,4,10,2022-11-06,,TRUE
613,Lionello,Mudle,lmudleh0@cornell.edu,"aM0+""b~(spF.d&",1717846714,7,77,4,3,3,2018-06-21,,TRUE
614,Chance,Bernocchi,cbernocchih1@ebay.com,iW5~ond)Xe,4725582758,6,124,2,2,16,2016-05-28,,TRUE
615,Bertie,Blofeld,bblofeldh2@cbsnews.com,gT4<4hHx,8176776684,6,53,3,4,2,2018-03-12,,TRUE
616,Ardine,Meldon,ameldonh3@amazon.de,aW8~sqj|p,8027429846,6,135,1,6,9,2022-06-24,,TRUE
617,Ema,Shenton,eshentonh4@ameblo.jp,"xJ8=A#""!wuN6g(_n",1116627749,5,10,3,3,18,2017-12-23,,TRUE
618,Felice,Clell,fclellh5@hud.gov,rE4'>EKf,3695633401,5,121,3,7,30,2016-07-13,,TRUE
619,Montague,Mitchall,mmitchallh6@unblog.fr,"hB9@Y*+*Pyt,~",9598191828,2,96,4,6,26,2021-09-12,,TRUE
620,Rustie,Redmayne,rredmayneh7@dmoz.org,vG9`H0<e9r,7781007433,7,87,4,2,16,2016-01-05,,TRUE
621,Alasteir,Kibard,akibardh8@hubpages.com,uD4~Cd#{)ht6,8461268070,7,57,2,5,9,2020-12-29,,TRUE
622,Kalli,Payfoot,kpayfooth9@europa.eu,"nC5{Ut1'(l""M",4275791043,1,23,4,9,11,2020-10-27,,TRUE
623,Naoma,Deluce,ndeluceha@blog.com,pW5/Mwdf,5914604244,5,56,4,6,4,2018-11-19,,TRUE
624,Maurizia,Farre,mfarrehb@stumbleupon.com,aJ7!yDoPE!`u,3333895811,7,48,4,6,30,2022-11-24,,TRUE
625,Massimo,Triswell,mtriswellhc@stumbleupon.com,nY4?LRYT$|,5941577044,4,26,2,7,4,2017-06-03,,TRUE
626,Krisha,Lashbrook,klashbrookhd@auda.org.au,tE0`t'Pi,5154321703,2,115,2,9,13,2023-11-02,,TRUE
627,Earlie,Petrosian,epetrosianhe@craigslist.org,"jE9\6,Uj8f",5905069876,1,67,4,5,5,2017-01-27,,TRUE
628,Marnie,Thunnercliffe,mthunnercliffehf@eventbrite.com,"jB3)(m6I""O+lO}x?",5133400104,4,111,2,8,30,2019-07-18,,TRUE
629,Sheff,Sibyllina,ssibyllinahg@google.co.uk,"jF7}#.lkk,g",8523569992,6,9,3,3,18,2016-01-29,2018-12-29,FALSE
630,Baxter,Rivlin,brivlinhh@w3.org,bP2~UQ5gzR()A,4946157485,1,46,2,5,20,2018-12-29,,TRUE
631,Starlin,Cawthera,scawtherahi@vinaora.com,gG5+aRzaZ(*,8082426166,6,10,3,9,24,2020-12-15,,TRUE
632,Granny,Lambersen,glambersenhj@thetimes.co.uk,uV5{}BOoDDB6h(y\,8694698090,3,112,4,6,6,2021-07-27,,TRUE
633,Adrienne,Kendle,akendlehk@dot.gov,oH6+v<hL`|,2976503728,6,36,2,7,1,2018-05-10,,TRUE
634,Marsha,Causley,mcausleyhl@nyu.edu,dY4=7J8azL,4784870350,7,87,4,3,1,2023-12-14,,TRUE
635,Garret,Cornforth,gcornforthhm@joomla.org,jY3}M_A<,9842885607,3,120,3,5,28,2019-06-07,,TRUE
636,Gannie,Courteney,gcourteneyhn@cyberchimps.com,"yH8@s>.j""",9274701560,4,20,3,3,12,2022-07-14,,TRUE
637,Orelia,Rosekilly,orosekillyho@goodreads.com,cV8#3$Wc`o<v<)E9,9067323618,6,53,4,5,2,2018-11-29,,TRUE
638,Aili,State,astatehp@nymag.com,"qH7(2j""#sgvH6%",9151241741,1,73,4,4,17,2021-05-12,,TRUE
639,Bax,Tinston,btinstonhq@desdev.cn,jI1~.g&pFBW5,7231224359,6,146,4,4,13,2017-06-13,,TRUE
640,Allys,Puzey,apuzeyhr@quantcast.com,hP6'~J@Z=,5804433725,6,106,4,6,11,2020-01-09,,TRUE
641,Sileas,Dennerley,sdennerleyhs@sun.com,oF2'5x(wn$,6322406393,5,129,3,7,10,2022-04-09,,TRUE
642,Querida,Aronow,qaronowht@earthlink.net,gU5#kS8@1,7689394573,5,23,2,8,7,2022-01-05,,TRUE
643,Kev,Bortolozzi,kbortolozzihu@hao123.com,wI9@DUo/<,7399884182,4,54,1,6,8,2023-08-11,,TRUE
644,Hetty,Carefull,hcarefullhv@amazon.co.uk,vG1+fA74<>Ro*,2859265585,7,31,3,1,18,2018-06-16,,TRUE
645,Langston,Kneel,lkneelhw@bloglovin.com,kX1)E2e$x,1051911459,1,139,4,1,16,2023-01-09,,TRUE
646,Melina,Treanor,mtreanorhx@amazon.co.jp,bQ6(7Z~UN3g7nMyb,5483412024,4,80,2,7,24,2020-12-16,,TRUE
647,Davy,Jefferys,djefferyshy@phpbb.com,fE9~Qv&QAs!K#W,3491981114,5,35,4,2,20,2019-11-21,,TRUE
648,Antonius,Dinse,adinsehz@seesaa.net,gH0?)I>Yr0Hp%u.,6625278103,2,53,1,7,18,2021-11-17,,TRUE
649,Dredi,Brackenridge,dbrackenridgei0@aboutads.info,uF7&sa8yav,7259449518,2,64,1,1,16,2021-04-18,,TRUE
650,Kalil,Sywell,ksywelli1@weather.com,kV2@)tdp4&y%%iL',3554748522,1,109,4,4,6,2016-04-03,,TRUE
651,Edward,Kiernan,ekiernani2@youtube.com,nX6'gUxV+o@I15,8952949721,1,145,1,3,8,2018-12-09,,TRUE
652,Sascha,Mumby,smumbyi3@cocolog-nifty.com,xP1%(S(0#5Z/Lc,1943090513,4,143,4,2,16,2017-07-03,,TRUE
653,Amber,Metherell,ametherelli4@w3.org,lR8|oczB/`!KF,5971377539,4,26,1,2,27,2022-01-24,,TRUE
654,Roseanne,Rowcliffe,rrowcliffei5@google.it,eX8|NBcyQWQM\{,8028883012,5,63,3,7,1,2023-04-02,,TRUE
655,Perl,Desantis,pdesantisi6@csmonitor.com,"uT9)L+i""iz@EW",7194521098,1,25,2,7,20,2021-11-12,,TRUE
656,Maria,Colwell,mcolwelli7@ning.com,"pF5""7dyOpT5eUw+E",7981382248,3,93,3,3,7,2022-03-15,,TRUE
657,Hamid,O'Corrin,hocorrini8@guardian.co.uk,cL2_1CS{,3506981574,7,39,1,7,2,2021-07-02,,TRUE
658,Christie,Sparey,cspareyi9@devhub.com,eX9@|<}L),5766081493,1,44,3,8,12,2017-03-21,,TRUE
659,Angelico,Passey,apasseyia@google.nl,jX9$>5.xsHvhpbC,9555654173,4,144,1,8,24,2023-08-20,,TRUE
660,Tomi,Orman,tormanib@chronoengine.com,lI0{U9big9,4646615250,3,16,3,5,19,2018-10-20,,TRUE
661,Marcella,Muscott,mmuscottic@nih.gov,uG9(<X$SyX,9197154261,5,125,2,2,19,2017-05-23,,TRUE
662,Aurelie,Mishaw,amishawid@ucla.edu,cJ1{XYZgi,9771709853,7,90,3,2,8,2022-07-04,,TRUE
663,Adler,Hayfield,ahayfieldie@github.io,tO0#iTP*k%rqG=,8178281580,4,27,1,9,29,2016-12-22,,TRUE
664,Agretha,Furmston,afurmstonif@cafepress.com,"cT8/'tRZzl,R",6558071501,7,67,3,1,14,2023-12-24,,TRUE
665,Bert,Cotterrill,bcotterrillig@redcross.org,xW0.7+)ZvW,4239548752,1,54,4,3,24,2021-05-11,,TRUE
666,Foster,Rigler,friglerih@harvard.edu,"hU5{Xe@,,Q0P}?C?",4357026154,5,81,3,8,24,2020-01-13,,TRUE
667,Norrie,Pelz,npelzii@bbc.co.uk,wA4}IHO|mY3Wx(l,9969621370,7,100,2,9,20,2023-04-06,,TRUE
668,Jeremiah,Jelphs,jjelphsij@wikia.com,aX9?B{tG`W5`KN#,4869523013,2,24,3,6,2,2017-06-07,,TRUE
669,Hillard,Methley,hmethleyik@techcrunch.com,fV7>rdZJiO?6Ebn,6988854907,1,84,3,9,6,2021-04-04,,TRUE
670,Amii,Btham,abthamil@fema.gov,"sC5)""3NpYu}",8239953537,1,58,4,5,13,2022-05-10,,TRUE
671,Shana,Summerlad,ssummerladim@friendfeed.com,"aD7,@ce3l)G0V&n",4494084072,7,26,3,2,11,2020-06-13,,TRUE
672,Joaquin,Duerden,jduerdenin@dailymotion.com,sV6'Us)k?$dB$!,6083047121,4,6,2,9,7,2021-02-16,,TRUE
673,Geoffry,Peters,gpetersio@cdbaby.com,tA0&}1&m3F,7425302359,5,132,1,2,9,2020-12-18,,TRUE
674,Kinny,Lippett,klippettip@zdnet.com,"mX2*,B)y({N",9155788219,7,70,2,6,27,2022-08-29,,TRUE
675,Ethelred,Learman,elearmaniq@hud.gov,tY8)fa)f,2301541684,6,36,1,4,3,2021-07-19,,TRUE
676,Miriam,Adcock,madcockir@myspace.com,uF9)E/NB1/ZWL8d,6713464176,1,133,1,3,17,2018-01-26,,TRUE
677,Ernaline,Gheorghie,egheorghieis@jiathis.com,uI2*TG$B#W',4918854494,4,12,1,7,14,2020-06-14,,TRUE
678,Caldwell,Fike,cfikeit@pagesperso-orange.fr,xR8$!rH'@%h,6966941589,4,1,4,3,10,2021-12-17,,TRUE
679,Barris,McSaul,bmcsauliu@ehow.com,xV0.FertAqlX?3>,2689309047,6,132,4,5,28,2017-02-16,,TRUE
680,Sven,Sandcraft,ssandcraftiv@google.ru,"bZ1{w>gFNH*""R/",9013794856,5,17,2,4,9,2018-03-25,2019-11-21,FALSE
681,Travers,Gilbeart,tgilbeartiw@dyndns.org,yY4`rm\R/2{,6734923029,2,145,1,5,17,2017-01-12,,TRUE
682,Susette,Crystal,scrystalix@comsenz.com,"sT9*MbHT""!n9Y",7723195061,6,13,2,3,16,2016-02-23,,TRUE
683,Elnore,Kinde,ekindeiy@behance.net,bZ9%I4TB>?>q\,5607006896,6,57,2,1,21,2016-05-21,,TRUE
684,Nicolais,Guillem,nguillemiz@ca.gov,aF2<>JN/u),9552593666,2,144,1,8,25,2017-01-01,,TRUE
685,Caitlin,Quartley,cquartleyj0@patch.com,"wY3""D()May8(V",7654025825,3,15,1,1,17,2019-12-21,,TRUE
686,Carlyle,Dowsey,cdowseyj1@theglobeandmail.com,hY9<O5BG5m_SDA#5,8861378730,4,1,2,6,19,2018-07-29,,TRUE
687,Keely,de Verson,kdeversonj2@altervista.org,zD0~ustbG2YY,9925628925,3,104,3,5,15,2018-03-05,,TRUE
688,Haslett,McKall,hmckallj3@yale.edu,qL3?0/>xDxNP,2327911558,2,104,2,8,30,2019-12-23,,TRUE
689,Webb,Kenworth,wkenworthj4@xing.com,gB3%r)S_,5026349158,3,91,2,9,8,2022-05-20,,TRUE
690,Lenard,Jonk,ljonkj5@about.me,gG1}17jz*pFH,4082816393,1,113,4,2,24,2022-03-09,,TRUE
691,Hastie,Barlow,hbarlowj6@reference.com,dP0_S.tya,5186205009,7,122,1,9,24,2021-08-09,,TRUE
692,Meara,Hearse,mhearsej7@stanford.edu,bM1)TXx\)s@,2063594638,7,118,1,4,27,2016-09-21,,TRUE
693,Gaelan,Tomasoni,gtomasonij8@cyberchimps.com,cR9_x`Hwcga,3992775754,4,54,1,2,24,2019-09-29,,TRUE
694,Griselda,Doige,gdoigej9@ebay.com,rG2/c?2(,6554472369,7,134,1,6,4,2017-12-25,,TRUE
695,Venita,Wicklin,vwicklinja@dion.ne.jp,fR4*V5/>ZrMZ*5pa,5897516185,1,59,4,1,23,2018-11-18,,TRUE
696,Joete,Espinoy,jespinoyjb@bbb.org,zH8`73#e`}T&+,3615696826,7,136,2,1,21,2018-04-12,,TRUE
697,Neal,Ivanusyev,nivanusyevjc@dmoz.org,qH5/3#he@w,7032699327,3,141,1,7,14,2017-02-25,,TRUE
698,Franciska,Currom,fcurromjd@ft.com,"aD5//fp,oxo",6295950741,3,55,2,6,30,2020-03-15,,TRUE
699,Tim,Paxforde,tpaxfordeje@pagesperso-orange.fr,"qM2{IumSy,4c&R0",5507297562,5,56,4,3,25,2019-12-27,,TRUE
700,Cullin,Pettigree,cpettigreejf@google.es,"nN4""c?T7hED""",4098172778,3,35,1,3,20,2018-09-06,,TRUE
701,Madelyn,Crosgrove,mcrosgrovejg@edublogs.org,nO1)V4c2h?E,3014882386,1,50,4,9,20,2018-11-28,,TRUE
702,Hamish,Willock,hwillockjh@mediafire.com,"uV4)4NwJF_,",7447569078,2,2,4,7,4,2018-05-15,,TRUE
703,Rand,Tregiddo,rtregiddoji@aboutads.info,vT3~'gOu(4q\m,1327482179,6,98,1,6,18,2021-12-05,,TRUE
704,Georgeanna,Farguhar,gfarguharjj@elegantthemes.com,"wW9(,m>&u8Zlb/Xa",6969799104,1,17,1,4,8,2020-03-29,,TRUE
705,North,Prickett,nprickettjk@columbia.edu,"bX3}s,VA4",4247852679,7,55,2,1,13,2017-03-08,,TRUE
706,Jacky,Dimitriades,jdimitriadesjl@tuttocitta.it,"iM0""\Q+{Iv*k",8611040594,5,59,4,7,25,2020-04-24,,TRUE
707,Roslyn,Bolingbroke,rbolingbrokejm@wunderground.com,qH4{J(0z,2225720911,4,87,1,4,20,2022-12-26,,TRUE
708,Stefano,Williams,swilliamsjn@mail.ru,"vE6,Ds,1zW",3844649546,2,123,2,1,11,2017-12-26,,TRUE
709,Madalyn,Breakey,mbreakeyjo@wisc.edu,yZ1<_w#j2OcX{ID,2383883869,1,64,4,4,20,2023-04-29,,TRUE
710,Isaiah,Lynnett,ilynnettjp@slashdot.org,cN5_$<98&C)Lqw$f,3066139942,1,149,3,5,20,2019-07-19,,TRUE
711,Norry,Wagenen,nwagenenjq@amazon.co.uk,qS6.59Or(>5BNPn,9088195355,5,125,4,9,15,2021-02-24,,TRUE
712,Tiffi,Ridesdale,tridesdalejr@yale.edu,hB2(yKzo3D0V6T,5786268090,1,112,1,7,1,2023-07-30,,TRUE
713,Corby,Hoodspeth,choodspethjs@google.ru,tF9)i.Tqz_,5213490406,3,7,4,5,26,2019-11-26,,TRUE
714,Beryl,Benzies,bbenziesjt@gnu.org,xF4*p$Z$,7817165701,5,105,1,4,29,2020-04-26,,TRUE
715,Norman,Winman,nwinmanju@people.com.cn,rY4.Sn~4U,6457467445,3,124,4,7,3,2016-01-19,,TRUE
716,Gordon,Goldie,ggoldiejv@fda.gov,iB9=Lr?Vn,1919568026,1,43,1,1,17,2022-10-03,,TRUE
717,Orelee,Sieur,osieurjw@microsoft.com,"aJ1`ZY1""7$M,S",8179620484,2,58,1,2,9,2021-05-12,,TRUE
718,Keane,Baiyle,kbaiylejx@columbia.edu,kR5/&\w%p4/S\79,2965264092,7,45,2,5,13,2021-01-19,,TRUE
719,Myrtice,Folcarelli,mfolcarellijy@who.int,iB9<$K$p,7511854168,1,88,2,4,9,2018-02-10,,TRUE
720,Randie,Kleinsinger,rkleinsingerjz@tamu.edu,xC2/'Iyh69/O0,2649306170,7,64,2,4,2,2023-12-02,,TRUE
721,Clemmy,Linnemann,clinnemannk0@instagram.com,fK9#h=qcT)$U%,2328993166,3,86,3,8,3,2018-05-12,,TRUE
722,Melitta,Wanek,mwanekk1@i2i.jp,yO8%8<Ga4F_ckU,3879248684,7,52,3,9,18,2017-10-07,,TRUE
723,Ranna,Cutler,rcutlerk2@example.com,dT1&&wB~Wt?aR{5,6757819743,7,81,2,5,29,2019-05-24,,TRUE
724,Margaret,Roony,mroonyk3@xrea.com,bG1%XVDd\Cg,5962506997,3,76,3,8,26,2018-05-19,,TRUE
725,Alaster,O'Sharkey,aosharkeyk4@storify.com,yS1@XhKU0Ke>7,2086908825,1,105,1,6,5,2023-07-16,,TRUE
726,Piper,Dayer,pdayerk5@home.pl,bX6@yfKeRB9|3n27,3908472952,4,31,2,3,22,2016-07-01,,TRUE
727,Winonah,Jurick,wjurickk6@sbwire.com,vD1{'{}Km4x,9993130504,3,53,2,6,5,2021-11-21,,TRUE
728,Koo,Darrach,kdarrachk7@sogou.com,iX8&vlVz\3u,8281291559,4,131,4,1,9,2018-02-23,,TRUE
729,Staffard,Keys,skeysk8@google.com,cT7#c3Z'*Y>+5+,9458569652,6,69,1,4,13,2020-12-16,,TRUE
730,Meier,Semor,msemork9@wiley.com,"mZ0\KmcA,.}/5n",1394703717,7,134,2,4,15,2020-11-10,,TRUE
731,Constantin,Serris,cserriska@photobucket.com,sT4.MADuhPOW4Q6v,1168766618,6,129,1,8,28,2023-09-21,,TRUE
732,Duncan,Pfeffer,dpfefferkb@reddit.com,"uN5|Bf*Q""!iK",4258318689,7,69,1,5,19,2020-06-05,,TRUE
733,Helge,Hoggetts,hhoggettskc@wikipedia.org,kD2}Lpa9Z.RPW8,2212626714,3,14,1,8,3,2018-10-13,,TRUE
734,Lacee,Beavis,lbeaviskd@nasa.gov,"tN1|l/`t1""~>bUg",3534723327,5,42,4,6,17,2016-04-13,,TRUE
735,Glenden,Balazs,gbalazske@jalbum.net,bN4>YOHC@F1Q>E,4577885685,1,119,4,7,10,2017-04-12,,TRUE
736,Dominga,Gennerich,dgennerichkf@paypal.com,iR5<DgT&vCyVS,9914446952,7,84,4,7,18,2022-10-16,,TRUE
737,Dallon,Crop,dcropkg@godaddy.com,"vC0)L\NXe'}W,@g7",8749500003,6,30,4,3,16,2022-12-27,,TRUE
738,Lonni,Farbrother,lfarbrotherkh@geocities.com,eO4~jd'zCJs@e,7706087830,3,68,1,8,16,2019-05-15,2021-06-24,FALSE
739,Sharleen,O'Sirin,sosirinki@abc.net.au,uJ0&4*%\j`,9668624874,6,87,3,2,22,2021-03-05,,TRUE
740,Veriee,Satterlee,vsatterleekj@dell.com,fM6++(1hwZf7/,2479612437,1,97,4,4,18,2016-02-18,,TRUE
741,Shelby,Bartomieu,sbartomieukk@youtube.com,fD1_+1WwJ.,8949202912,5,16,4,5,13,2018-10-30,,TRUE
742,Cristen,Fernandes,cfernandeskl@hatena.ne.jp,zX8!=M8&,6567729074,1,91,4,7,16,2023-11-19,,TRUE
743,Maiga,Tunder,mtunderkm@independent.co.uk,hS8@a`j~s_a),9893743494,5,85,2,7,25,2016-01-25,,TRUE
744,Sigfrid,Tassell,stassellkn@europa.eu,sY1!S\W>7=}?Lgl,9853391889,4,115,1,3,16,2023-07-28,,TRUE
745,Lorin,Springell,lspringellko@berkeley.edu,fP4?fZ6Rblv}8KA,4033886091,5,55,4,1,21,2021-01-31,2022-10-22,FALSE
746,Kipper,Cockburn,kcockburnkp@jalbum.net,oL7#!|AciVHg2,1197130279,5,119,3,1,7,2021-07-01,,TRUE
747,Enriqueta,Peschke,epeschkekq@hibu.com,xW7~Y(?aDi7h{'4,3247734908,5,125,1,5,24,2016-04-05,,TRUE
748,Perrine,Follan,pfollankr@ning.com,"jQ3`A,&Yd'r4rbS",9992164894,2,119,4,8,22,2020-10-03,,TRUE
749,Kissee,Gleadle,kgleadleks@cornell.edu,bW4?\#duC8IC7,9111867330,1,9,2,8,13,2017-10-24,,TRUE
750,Madelle,Mapstone,mmapstonekt@vk.com,oV7>4~o.EDk,9422593634,3,54,3,8,16,2021-06-24,,TRUE
